-- phpMyAdmin SQL Dump
-- version 4.8.0.1
-- https://www.phpmyadmin.net/
--
-- Máy chủ: 127.0.0.1
-- Thời gian đã tạo: Th10 01, 2018 lúc 04:38 AM
-- Phiên bản máy phục vụ: 10.1.32-MariaDB
-- Phiên bản PHP: 7.2.5

SET SQL_MODE = "NO_AUTO_VALUE_ON_ZERO";
SET AUTOCOMMIT = 0;
START TRANSACTION;
SET time_zone = "+00:00";


/*!40101 SET @OLD_CHARACTER_SET_CLIENT=@@CHARACTER_SET_CLIENT */;
/*!40101 SET @OLD_CHARACTER_SET_RESULTS=@@CHARACTER_SET_RESULTS */;
/*!40101 SET @OLD_COLLATION_CONNECTION=@@COLLATION_CONNECTION */;
/*!40101 SET NAMES utf8mb4 */;

--
-- Cơ sở dữ liệu: `lvtn`
--

-- --------------------------------------------------------

--
-- Cấu trúc bảng cho bảng `bus_model`
--

CREATE TABLE `bus_model` (
  `Mã` int(11) NOT NULL,
  `Tên_Loại` varchar(255) NOT NULL,
  `Loại_ghế` int(11) NOT NULL,
  `Số_ghế` int(11) NOT NULL,
  `Số_hàng` int(11) NOT NULL,
  `Số_cột` int(11) NOT NULL,
  `Sơ_đồ` varchar(255) NOT NULL,
  `Mã_nhân_viên_tạo` int(11) NOT NULL,
  `Mã_nhân_viên_chỉnh_sửa` int(11) NOT NULL,
  `created_at` datetime NOT NULL,
  `updated_at` datetime NOT NULL
) ENGINE=InnoDB DEFAULT CHARSET=utf8;

--
-- Đang đổ dữ liệu cho bảng `bus_model`
--

INSERT INTO `bus_model` (`Mã`, `Tên_Loại`, `Loại_ghế`, `Số_ghế`, `Số_hàng`, `Số_cột`, `Sơ_đồ`, `Mã_nhân_viên_tạo`, `Mã_nhân_viên_chỉnh_sửa`, `created_at`, `updated_at`) VALUES
(1, 'Model_1', 1, 30, 10, 5, '10000101011010110101101011010110101101011010111111', 1, 1, '2018-10-07 18:24:23', '2018-10-14 08:03:03'),
(4, 'Model_2', 0, 39, 10, 6, '100000111001111001111001111001111001111001111001111001111111', 1, 1, '2018-10-08 11:56:21', '2018-10-14 09:10:54'),
(6, 'Ghe Ngoi', 0, 47, 12, 6, '100000110011110011110011110011110011110011110011110011110011110011111111', 1, 1, '2018-10-24 08:15:10', '2018-10-24 08:15:10'),
(7, 'Giuong Nam', 1, 41, 13, 5, '10000101011010110101101011010111111101011010110101101011010111111', 1, 1, '2018-10-24 08:20:42', '2018-10-24 08:20:42');

-- --------------------------------------------------------

--
-- Cấu trúc bảng cho bảng `chuyen_xe`
--

CREATE TABLE `chuyen_xe` (
  `Mã` int(11) NOT NULL,
  `Mã_nhân_viên_tạo` int(11) NOT NULL,
  `Mã_lộ_trình` int(11) NOT NULL,
  `Mã_tài_xế` int(11) NOT NULL,
  `Mã_xe` int(11) NOT NULL,
  `Ngày_xuất_phát` date NOT NULL,
  `Giờ_xuất_phát` time NOT NULL,
  `Trạng_thái` int(11) NOT NULL DEFAULT '0',
  `Tiền_vé` int(11) NOT NULL,
  `created_at` datetime NOT NULL,
  `updated_at` datetime NOT NULL,
  `is_del` tinyint(1) DEFAULT '0'
) ENGINE=InnoDB DEFAULT CHARSET=utf8;

--
-- Đang đổ dữ liệu cho bảng `chuyen_xe`
--

INSERT INTO `chuyen_xe` (`Mã`, `Mã_nhân_viên_tạo`, `Mã_lộ_trình`, `Mã_tài_xế`, `Mã_xe`, `Ngày_xuất_phát`, `Giờ_xuất_phát`, `Trạng_thái`, `Tiền_vé`, `created_at`, `updated_at`, `is_del`) VALUES
(1, 1, 2, 3, 6, '2018-10-25', '22:00:00', 0, 340000, '2018-10-24 04:33:50', '2018-10-28 07:16:41', 0),
(2, 1, 6, 3, 6, '2018-10-25', '07:30:00', 0, 220000, '2018-10-24 07:53:25', '2018-10-24 08:29:24', 0),
(3, 1, 6, 3, 6, '2018-10-25', '08:30:00', 0, 220000, '2018-10-24 07:54:28', '2018-10-24 08:30:24', 0),
(4, 1, 6, 3, 6, '2018-10-25', '09:30:00', 0, 220000, '2018-10-24 07:57:08', '2018-10-24 08:31:07', 0),
(5, 1, 6, 3, 6, '2018-10-25', '10:30:00', 0, 220000, '2018-10-24 07:57:50', '2018-10-24 08:31:51', 0),
(6, 1, 6, 3, 6, '2018-10-25', '19:30:00', 0, 220000, '2018-10-24 07:58:23', '2018-10-24 08:32:57', 0),
(7, 1, 6, 4, 6, '2018-10-25', '21:30:00', 0, 220000, '2018-10-24 07:58:44', '2018-10-24 08:34:24', 0),
(8, 1, 6, 4, 6, '2018-10-25', '23:30:00', 0, 220000, '2018-10-24 07:59:12', '2018-10-24 08:34:59', 0),
(9, 1, 6, 3, 6, '2018-10-25', '22:30:00', 0, 220000, '2018-10-24 07:59:44', '2018-10-24 08:33:44', 0),
(10, 1, 6, 4, 6, '2018-10-26', '07:30:00', 0, 220000, '2018-10-24 08:02:25', '2018-10-24 08:35:12', 0),
(11, 1, 6, 4, 6, '2018-10-26', '08:30:00', 0, 220000, '2018-10-24 08:02:42', '2018-10-24 08:36:01', 0),
(12, 1, 6, 4, 6, '2018-10-26', '09:30:00', 0, 220000, '2018-10-24 08:03:59', '2018-10-24 08:36:40', 0),
(13, 1, 6, 3, 6, '2018-10-26', '10:30:00', 0, 220000, '2018-10-24 08:04:26', '2018-10-24 08:34:07', 0),
(14, 1, 6, 4, 6, '2018-10-26', '19:30:00', 0, 220000, '2018-10-24 08:04:43', '2018-10-24 08:36:50', 0),
(15, 1, 6, 4, 6, '2018-10-26', '21:30:00', 0, 220000, '2018-10-24 08:05:15', '2018-10-24 08:37:10', 0),
(16, 1, 6, 4, 6, '2018-10-26', '22:30:00', 0, 220000, '2018-10-24 08:05:33', '2018-10-24 08:37:59', 0),
(17, 1, 6, 4, 6, '2018-10-26', '23:30:00', 0, 220000, '2018-10-24 08:06:04', '2018-10-24 08:38:15', 0),
(18, 1, 1, 3, 5, '2018-10-30', '10:00:00', 1, 760000, '2018-10-28 07:17:48', '2018-10-30 11:51:36', 0);

-- --------------------------------------------------------

--
-- Cấu trúc bảng cho bảng `customer`
--

CREATE TABLE `customer` (
  `Mã` int(11) NOT NULL,
  `Tên` varchar(255) DEFAULT NULL,
  `Ngày_sinh` date DEFAULT NULL,
  `Giới tính` set('0','1','2') DEFAULT NULL,
  `Địa chỉ` tinytext,
  `Nickname` varchar(255) DEFAULT NULL,
  `Password` varchar(255) NOT NULL,
  `Email` varchar(255) DEFAULT NULL,
  `Sđt` varchar(255) NOT NULL,
  `created_at` datetime NOT NULL,
  `updated_at` datetime NOT NULL
) ENGINE=InnoDB DEFAULT CHARSET=utf8;

--
-- Đang đổ dữ liệu cho bảng `customer`
--

INSERT INTO `customer` (`Mã`, `Tên`, `Ngày_sinh`, `Giới tính`, `Địa chỉ`, `Nickname`, `Password`, `Email`, `Sđt`, `created_at`, `updated_at`) VALUES
(7, 'Nguyễn Đặng Sỹ Luân', '1995-12-09', '1', NULL, NULL, 'e10adc3949ba59abbe56e057f20f883e', 'syluanit@gmail.com', '0963219951', '2018-10-24 08:40:26', '2018-10-24 08:40:26'),
(8, 'Dương Kim', '1994-08-12', '1', NULL, NULL, '52c69e3a57331081823331c4e69d3f2e', 'duongkim@gmail.com', '0322336512', '2018-10-24 08:42:46', '2018-10-24 08:42:46'),
(9, 'Dương Lan', '1992-05-12', '2', NULL, NULL, '52c69e3a57331081823331c4e69d3f2e', 'duonglan@gmail.com', '0969315468', '2018-10-24 08:44:33', '2018-10-24 08:44:33'),
(10, 'Dương Anh', '1995-01-22', '1', NULL, NULL, '52c69e3a57331081823331c4e69d3f2e', 'duonganh@gmail.com', '0523459876', '2018-10-24 08:45:33', '2018-10-24 08:45:33'),
(11, 'Dương Chi', '1996-12-25', '2', NULL, NULL, '52c69e3a57331081823331c4e69d3f2e', 'duongchi@gmail.com', '0882283553', '2018-10-24 08:46:21', '2018-10-24 08:46:21'),
(12, 'Dương Cao', '1993-09-15', '1', NULL, NULL, '52c69e3a57331081823331c4e69d3f2e', 'duongcao@gmail.com', '0835535793', '2018-10-24 08:47:13', '2018-10-24 08:47:13'),
(13, 'Dương Khang', '1997-07-13', '1', NULL, NULL, '83d634317da9e6facbb206b52937abc3', 'duongkhang@gmail.com', '0743345786', '2018-10-24 08:47:57', '2018-10-24 08:47:57'),
(14, 'Dương Tuyết', '1995-05-14', '2', NULL, NULL, '83d634317da9e6facbb206b52937abc3', 'duongtuyet@gmail.com', '0983383747', '2018-10-24 08:49:11', '2018-10-24 08:49:11'),
(15, 'Dương Mai', '1993-02-19', '2', NULL, NULL, '83d634317da9e6facbb206b52937abc3', 'duongmai@gmail.com', '0312435678', '2018-10-24 08:50:08', '2018-10-24 08:50:08'),
(16, 'Dương Nam', '1996-12-17', '1', NULL, NULL, '83d634317da9e6facbb206b52937abc3', 'duongnam@gmail.com', '0786456732', '2018-10-24 08:51:06', '2018-10-24 08:51:06'),
(17, 'Dương Dương', '1994-11-16', '1', NULL, NULL, '83d634317da9e6facbb206b52937abc3', 'duongduong@gmail.com', '0969235481', '2018-10-24 08:51:47', '2018-10-24 08:51:47'),
(18, 'Dương Nhất', '1989-09-09', '1', NULL, NULL, '83d634317da9e6facbb206b52937abc3', 'duongnhat@gmail.com', '0343546576', '2018-10-24 08:53:15', '2018-10-24 08:53:15'),
(19, 'Dương Thanh', '1995-08-25', '2', NULL, NULL, '83d634317da9e6facbb206b52937abc3', 'duongthanh@gmail.com', '0321345678', '2018-10-24 08:53:59', '2018-10-24 08:53:59'),
(20, 'Dương Nguyệt', '1997-04-14', '2', NULL, NULL, '83d634317da9e6facbb206b52937abc3', 'duongnguyet@gmail.com', '0945454556', '2018-10-24 08:54:42', '2018-10-24 08:54:42'),
(21, 'Dương Ngọc', '1993-03-15', '2', NULL, NULL, '83d634317da9e6facbb206b52937abc3', 'duongngoc@gmail.com', '0312123456', '2018-10-24 08:55:26', '2018-10-24 08:55:26'),
(22, 'Dương Như', '1997-02-11', '2', NULL, NULL, '83d634317da9e6facbb206b52937abc3', 'duongnhu@gmail.com', '0964328764', '2018-10-24 08:56:46', '2018-10-24 08:56:46'),
(23, 'Hoàng Anh', '1994-04-15', '2', NULL, NULL, '83d634317da9e6facbb206b52937abc3', 'hoanganh@gmail.com', '0945345645', '2018-10-24 08:58:08', '2018-10-24 08:58:08'),
(24, 'Hoàng Lan', '1991-11-11', '2', NULL, NULL, '83d634317da9e6facbb206b52937abc3', 'hoanglan@gmail.com', '0393777037', '2018-10-24 08:58:53', '2018-10-24 08:58:53'),
(25, 'Hoàng Văn Hoàng', '1991-08-14', '1', NULL, NULL, '83d634317da9e6facbb206b52937abc3', 'vanhoang@gmail.com', '0838384858', '2018-10-24 08:59:43', '2018-10-24 08:59:43'),
(26, 'Hoàng Minh', '1992-02-12', '1', NULL, NULL, '83d634317da9e6facbb206b52937abc3', 'hoangminh@gmail.com', '0932323445', '2018-10-24 09:00:35', '2018-10-24 09:00:35'),
(27, 'Hoàng Kim', '1995-02-12', '1', NULL, NULL, '83d634317da9e6facbb206b52937abc3', 'hoangkim@gmail.com', '0556765434', '2018-10-24 09:01:34', '2018-10-24 09:01:34'),
(28, 'Phan Anh Minh', '1994-04-10', '1', '506/19/15 3/2 street', 'minh011994', '25f9e794323b453885f5181f1b624d0b', 'phananhminh51202164@gmail.com', '0906881949', '2018-10-29 06:21:25', '2018-10-29 06:21:25');

-- --------------------------------------------------------

--
-- Cấu trúc bảng cho bảng `duong_di`
--

CREATE TABLE `duong_di` (
  `Mã` int(11) NOT NULL,
  `Mã_Trạm_Start` int(11) NOT NULL,
  `Mã_Trạm_End` int(11) NOT NULL,
  `Tọa_độ_detail` text NOT NULL,
  `created_at` datetime NOT NULL,
  `updated_at` datetime NOT NULL
) ENGINE=InnoDB DEFAULT CHARSET=utf8;

-- --------------------------------------------------------

--
-- Cấu trúc bảng cho bảng `employee`
--

CREATE TABLE `employee` (
  `Mã` int(11) NOT NULL,
  `Họ_Tên` varchar(255) NOT NULL,
  `Ngày_sinh` date NOT NULL,
  `Giới_tính` set('0','1','2') DEFAULT NULL,
  `Địa_chỉ` tinytext NOT NULL,
  `Username` varchar(255) DEFAULT NULL,
  `Password` varchar(255) NOT NULL,
  `Email` varchar(255) NOT NULL,
  `Loại_NV` set('QTV','BV','TX') NOT NULL,
  `Chi_nhánh` varchar(255) DEFAULT NULL,
  `Bằng_lái` varchar(255) DEFAULT NULL,
  `Sđt` varchar(255) NOT NULL,
  `Date_Starting` date NOT NULL,
  `created_at` datetime NOT NULL,
  `updated_at` datetime NOT NULL
) ENGINE=InnoDB DEFAULT CHARSET=utf8;

--
-- Đang đổ dữ liệu cho bảng `employee`
--

INSERT INTO `employee` (`Mã`, `Họ_Tên`, `Ngày_sinh`, `Giới_tính`, `Địa_chỉ`, `Username`, `Password`, `Email`, `Loại_NV`, `Chi_nhánh`, `Bằng_lái`, `Sđt`, `Date_Starting`, `created_at`, `updated_at`) VALUES
(1, 'Phan Anh Minh', '1994-04-10', '1', 'Quảng Ngãi', 'admin', '25f9e794323b453885f5181f1b624d0b', 'phananhminh51202164@gmail.com', 'QTV', NULL, NULL, '01646881949', '2018-09-01', '2018-09-28 20:02:37', '2018-09-28 20:02:37'),
(3, 'Phan Anh Test', '1993-05-11', '1', 'Quảng Ngãi', 'usertest', '25f9e794323b453885f5181f1b624d0b', 'test@email.com', 'TX', 'Hồ Chí Minh', '12345678', '123456788', '2018-10-08', '2018-10-10 09:11:31', '2018-10-10 09:11:31'),
(4, 'Phan Anh Test2', '1994-04-10', '1', '506/19/15 3/2 street', 'usertest1', '25f9e794323b453885f5181f1b624d0b', 'test2@gmail.com', 'TX', 'Ho Chi Minh City', '8886534', '123456787', '2001-03-20', '2018-10-24 07:48:20', '2018-10-24 07:48:20');

-- --------------------------------------------------------

--
-- Cấu trúc bảng cho bảng `lo_trinh`
--

CREATE TABLE `lo_trinh` (
  `Mã` int(11) NOT NULL,
  `Mã_nhân_viên_tạo` int(11) NOT NULL,
  `Mã_nhân_viên_chỉnh_sửa` int(11) NOT NULL,
  `Nơi_đi` varchar(255) NOT NULL,
  `Nơi_đến` varchar(255) NOT NULL,
  `Các_trạm_dừng_chân` varchar(255) NOT NULL,
  `Thời_gian_đi_dự_kiến` int(11) NOT NULL DEFAULT '0',
  `created_at` datetime NOT NULL,
  `updated_at` datetime NOT NULL
) ENGINE=InnoDB DEFAULT CHARSET=utf8;

--
-- Đang đổ dữ liệu cho bảng `lo_trinh`
--

INSERT INTO `lo_trinh` (`Mã`, `Mã_nhân_viên_tạo`, `Mã_nhân_viên_chỉnh_sửa`, `Nơi_đi`, `Nơi_đến`, `Các_trạm_dừng_chân`, `Thời_gian_đi_dự_kiến`, `created_at`, `updated_at`) VALUES
(1, 1, 1, 'TP.Hồ Chí Minh', 'Quảng Ngãi', '1,3', 1800000, '2018-10-09 12:38:30', '2018-10-25 11:21:54'),
(2, 1, 1, 'Quảng Ngãi', 'TP.Hồ Chí Minh', '1,3', 3600000, '2018-10-09 08:50:20', '2018-10-25 11:24:27'),
(3, 1, 1, 'Quảng Nam', 'TP.Hồ Chí Minh', '1,3', 61200000, '2018-10-09 08:51:33', '2018-10-25 11:30:42'),
(4, 1, 1, 'Đà Nẵng', 'TP.Hồ Chí Minh', '1,3', 63000000, '2018-10-09 08:56:45', '2018-10-25 11:36:16'),
(5, 1, 1, 'Đà Lạt', 'TP.Hồ Chí Minh', '1', 0, '2018-10-24 07:29:27', '2018-10-24 07:29:55'),
(6, 1, 1, 'TP.Hồ Chí Minh', 'Đà Lạt', '1,3', 0, '2018-10-24 07:30:12', '2018-10-24 07:30:12');

-- --------------------------------------------------------

--
-- Cấu trúc bảng cho bảng `thong_ke`
--

CREATE TABLE `thong_ke` (
  `Mã` int(11) NOT NULL,
  `Tháng` int(11) NOT NULL,
  `Năm` int(11) NOT NULL,
  `Số_chuyến_xe` int(11) NOT NULL,
  `Chi_phí` int(11) NOT NULL,
  `Doanh_thu` int(11) NOT NULL,
  `created__at` datetime NOT NULL,
  `updated_at` datetime NOT NULL
) ENGINE=InnoDB DEFAULT CHARSET=latin1;

--
-- Đang đổ dữ liệu cho bảng `thong_ke`
--

INSERT INTO `thong_ke` (`Mã`, `Tháng`, `Năm`, `Số_chuyến_xe`, `Chi_phí`, `Doanh_thu`, `created__at`, `updated_at`) VALUES
(1, 1, 2018, 10, 50000000, 70000000, '2018-10-11 18:04:29', '2018-10-11 18:04:29'),
(2, 2, 2018, 15, 55000000, 80000000, '2018-10-11 19:00:10', '2018-10-11 19:00:10'),
(3, 3, 2018, 12, 56000000, 85000000, '2018-10-11 19:00:54', '2018-10-11 19:00:54'),
(4, 4, 2018, 20, 40000000, 65000000, '2018-10-11 19:01:32', '2018-10-11 19:01:32'),
(5, 5, 2018, 22, 65000000, 90000000, '2018-10-11 19:02:16', '2018-10-11 19:02:16'),
(6, 6, 2018, 23, 73000000, 89000000, '2018-10-11 19:02:58', '2018-10-11 19:02:58'),
(7, 7, 2018, 50, 80000000, 120000000, '2018-10-11 19:03:47', '2018-10-11 19:03:47');

-- --------------------------------------------------------

--
-- Cấu trúc bảng cho bảng `tinh`
--

CREATE TABLE `tinh` (
  `Mã` int(11) NOT NULL,
  `Tên` varchar(255) NOT NULL,
  `created_at` datetime NOT NULL,
  `updated_at` datetime NOT NULL
) ENGINE=InnoDB DEFAULT CHARSET=utf8;

--
-- Đang đổ dữ liệu cho bảng `tinh`
--

INSERT INTO `tinh` (`Mã`, `Tên`, `created_at`, `updated_at`) VALUES
(1, 'An Giang', '2018-09-27 06:37:58', '2018-09-27 06:37:58'),
(2, 'Quảng Ngãi', '2018-10-09 17:13:46', '2018-10-09 17:13:46'),
(3, 'Quảng Nam', '2018-10-09 10:42:25', '2018-10-09 10:54:53'),
(6, 'Đà Nẵng', '2018-10-09 11:09:39', '2018-10-09 11:09:39'),
(7, 'TP.Hồ Chí Minh', '2018-10-24 04:43:03', '2018-10-24 07:27:13'),
(8, 'Bạc Liêu', '2018-10-24 07:00:11', '2018-10-24 07:00:11'),
(9, 'Bảo Lộc', '2018-10-24 07:00:21', '2018-10-24 07:00:21'),
(10, 'Lâm Đồng', '2018-10-24 07:00:32', '2018-10-24 07:00:32'),
(11, 'Nha Trang', '2018-10-24 07:01:24', '2018-10-24 07:01:24'),
(12, 'Phan Thiết', '2018-10-24 07:01:36', '2018-10-24 07:01:36'),
(13, 'Cà Mau', '2018-10-24 07:01:42', '2018-10-24 07:01:42'),
(14, 'Cần Thơ', '2018-10-24 07:01:50', '2018-10-24 07:01:50'),
(15, 'Đồng Tháp', '2018-10-24 07:01:59', '2018-10-24 07:01:59'),
(16, 'Châu Đốc', '2018-10-24 07:02:14', '2018-10-24 07:02:14'),
(17, 'Đà Lạt', '2018-10-24 07:05:43', '2018-10-24 07:05:43'),
(18, 'Hà Nội', '2018-10-24 07:05:52', '2018-10-24 07:05:52'),
(19, 'Kiên Giang', '2018-10-24 07:06:02', '2018-10-24 07:06:02'),
(20, 'Huế', '2018-10-24 07:06:11', '2018-10-24 07:06:11'),
(21, 'Nam Định', '2018-10-24 07:06:24', '2018-10-24 07:06:24'),
(22, 'Bình Định', '2018-10-24 07:06:46', '2018-10-24 07:06:46'),
(23, 'Sóc Trăng', '2018-10-24 07:07:32', '2018-10-24 07:07:32'),
(24, 'Trà Vinh', '2018-10-24 07:07:46', '2018-10-24 07:07:46'),
(25, 'Vũng Tàu', '2018-10-24 07:07:58', '2018-10-24 07:07:58'),
(26, 'Bến Tre', '2018-10-24 07:08:14', '2018-10-24 07:08:14'),
(27, 'Tuy Hòa', '2018-10-24 07:08:38', '2018-10-24 07:08:38'),
(28, 'Đắk Lắk', '2018-10-24 07:09:17', '2018-10-24 07:09:17'),
(29, 'Đắk Nông', '2018-10-24 07:09:25', '2018-10-24 07:09:25');

-- --------------------------------------------------------

--
-- Cấu trúc bảng cho bảng `tram_dung`
--

CREATE TABLE `tram_dung` (
  `Mã` int(11) NOT NULL,
  `Tên` varchar(255) NOT NULL,
  `Tọa_độ` varchar(255) NOT NULL,
  `Mã_nhân_viên_tạo` int(11) NOT NULL,
  `Mã_nhân_viên_chỉnh_sửa` int(11) NOT NULL,
  `created_at` datetime NOT NULL,
  `updated_at` datetime NOT NULL
) ENGINE=InnoDB DEFAULT CHARSET=utf8;

--
-- Đang đổ dữ liệu cho bảng `tram_dung`
--

INSERT INTO `tram_dung` (`Mã`, `Tên`, `Tọa_độ`, `Mã_nhân_viên_tạo`, `Mã_nhân_viên_chỉnh_sửa`, `created_at`, `updated_at`) VALUES
(1, 'Trường Đại Học Ngân Hàng', '10.860252,106.761847', 1, 1, '2018-10-08 13:25:29', '2018-10-08 13:25:29'),
(3, 'Trạm dừng 1', '10.863760207175778,106.7552897195435', 1, 1, '2018-10-08 11:58:21', '2018-10-08 11:58:21');

-- --------------------------------------------------------

--
-- Cấu trúc bảng cho bảng `ve`
--

CREATE TABLE `ve` (
  `Mã` int(11) NOT NULL,
  `Mã_chuyến_xe` int(11) NOT NULL,
  `Mã_nhân_viên_đặt` int(11) DEFAULT NULL,
  `Mã_khách_hàng` int(11) DEFAULT NULL,
  `Sđt_khách_hàng` varchar(255) DEFAULT NULL,
  `Vị_trí_ghế` varchar(255) NOT NULL,
  `Trạng_thái` int(11) DEFAULT NULL,
  `created_at` datetime NOT NULL,
  `updated_at` datetime NOT NULL,
  `is_hide` tinyint(1) NOT NULL DEFAULT '0'
) ENGINE=InnoDB DEFAULT CHARSET=utf8;

--
-- Đang đổ dữ liệu cho bảng `ve`
--

INSERT INTO `ve` (`Mã`, `Mã_chuyến_xe`, `Mã_nhân_viên_đặt`, `Mã_khách_hàng`, `Sđt_khách_hàng`, `Vị_trí_ghế`, `Trạng_thái`, `created_at`, `updated_at`, `is_hide`) VALUES
(983, 1, NULL, 10, NULL, 'A-1', 0, '2018-10-24 08:28:26', '2018-10-28 09:37:31', 0),
(984, 1, NULL, 17, NULL, 'A-2', 1, '2018-10-24 08:28:26', '2018-10-24 08:28:26', 0),
(985, 1, NULL, 26, NULL, 'A-3', 1, '2018-10-24 08:28:26', '2018-10-24 08:28:26', 0),
(986, 1, NULL, 23, NULL, 'A-4', 1, '2018-10-24 08:28:26', '2018-10-24 08:28:26', 0),
(987, 1, NULL, 11, NULL, 'A-5', 1, '2018-10-24 08:28:26', '2018-10-24 08:28:26', 0),
(988, 1, NULL, 20, NULL, 'A-6', 1, '2018-10-24 08:28:26', '2018-10-24 08:28:26', 0),
(989, 1, NULL, 14, NULL, 'A-7', 1, '2018-10-24 08:28:26', '2018-10-24 08:28:26', 0),
(990, 1, NULL, 16, NULL, 'A-8', 1, '2018-10-24 08:28:26', '2018-10-24 08:28:26', 0),
(991, 1, NULL, NULL, NULL, 'A-9', 0, '2018-10-24 08:28:26', '2018-10-25 09:16:07', 0),
(992, 1, NULL, NULL, NULL, 'A-10', 0, '2018-10-24 08:28:26', '2018-10-24 08:28:26', 0),
(993, 1, NULL, NULL, NULL, 'A-11', 0, '2018-10-24 08:28:26', '2018-10-24 08:28:26', 0),
(994, 1, NULL, 28, NULL, 'A-12', 0, '2018-10-24 08:28:26', '2018-10-24 08:28:26', 0),
(995, 1, NULL, 28, NULL, 'A-13', 0, '2018-10-24 08:28:26', '2018-10-24 08:28:26', 0),
(996, 1, NULL, NULL, NULL, 'A-14', 0, '2018-10-24 08:28:26', '2018-10-24 08:28:26', 0),
(997, 1, NULL, NULL, NULL, 'A-15', 0, '2018-10-24 08:28:26', '2018-10-24 08:28:26', 0),
(998, 1, NULL, NULL, NULL, 'A-16', 0, '2018-10-24 08:28:26', '2018-10-24 08:28:26', 0),
(999, 1, NULL, 28, NULL, 'A-17', 0, '2018-10-24 08:28:26', '2018-10-24 08:28:26', 0),
(1000, 1, NULL, NULL, NULL, 'A-18', 0, '2018-10-24 08:28:26', '2018-10-24 08:28:26', 0),
(1001, 1, NULL, NULL, NULL, 'A-19', 0, '2018-10-24 08:28:26', '2018-10-24 08:28:26', 0),
(1002, 1, NULL, NULL, NULL, 'A-20', 0, '2018-10-24 08:28:26', '2018-10-24 08:28:26', 0),
(1003, 1, NULL, NULL, NULL, 'A-21', 0, '2018-10-24 08:28:26', '2018-10-24 08:28:26', 0),
(1004, 1, NULL, NULL, NULL, 'A-22', 0, '2018-10-24 08:28:26', '2018-10-24 08:28:26', 0),
(1005, 1, NULL, NULL, NULL, 'A-23', 0, '2018-10-24 08:28:26', '2018-10-24 08:28:26', 0),
(1006, 1, NULL, NULL, NULL, 'A-24', 0, '2018-10-24 08:28:26', '2018-10-24 08:28:26', 0),
(1007, 1, NULL, NULL, NULL, 'A-25', 0, '2018-10-24 08:28:26', '2018-10-24 08:28:26', 0),
(1008, 1, NULL, NULL, NULL, 'A-26', 0, '2018-10-24 08:28:26', '2018-10-24 08:28:26', 0),
(1009, 1, NULL, NULL, NULL, 'A-27', 0, '2018-10-24 08:28:26', '2018-10-24 08:28:26', 0),
(1010, 1, NULL, NULL, NULL, 'A-28', 0, '2018-10-24 08:28:26', '2018-10-24 08:28:26', 0),
(1011, 1, NULL, NULL, NULL, 'A-29', 0, '2018-10-24 08:28:26', '2018-10-24 08:28:26', 0),
(1012, 1, NULL, NULL, NULL, 'A-30', 0, '2018-10-24 08:28:26', '2018-10-24 08:28:26', 0),
(1013, 1, NULL, NULL, NULL, 'A-31', 0, '2018-10-24 08:28:26', '2018-10-24 08:28:26', 0),
(1014, 1, NULL, NULL, NULL, 'A-32', 0, '2018-10-24 08:28:26', '2018-10-24 08:28:26', 0),
(1015, 1, NULL, NULL, NULL, 'A-33', 0, '2018-10-24 08:28:26', '2018-10-24 08:28:26', 0),
(1016, 1, NULL, NULL, NULL, 'A-34', 0, '2018-10-24 08:28:26', '2018-10-24 08:28:26', 0),
(1017, 1, NULL, NULL, NULL, 'A-35', 0, '2018-10-24 08:28:26', '2018-10-24 08:28:26', 0),
(1018, 1, NULL, NULL, NULL, 'A-36', 0, '2018-10-24 08:28:26', '2018-10-24 08:28:26', 0),
(1019, 1, NULL, NULL, NULL, 'A-37', 0, '2018-10-24 08:28:26', '2018-10-24 08:28:26', 0),
(1020, 1, NULL, NULL, NULL, 'A-38', 0, '2018-10-24 08:28:26', '2018-10-24 08:28:26', 0),
(1021, 1, NULL, NULL, NULL, 'A-39', 0, '2018-10-24 08:28:26', '2018-10-24 08:28:26', 0),
(1022, 1, NULL, NULL, NULL, 'A-40', 0, '2018-10-24 08:28:26', '2018-10-24 08:28:26', 0),
(1023, 1, NULL, NULL, NULL, 'A-41', 0, '2018-10-24 08:28:26', '2018-10-24 08:28:26', 0),
(1024, 1, NULL, NULL, NULL, 'A-42', 0, '2018-10-24 08:28:26', '2018-10-24 08:28:26', 0),
(1025, 1, NULL, NULL, NULL, 'A-43', 0, '2018-10-24 08:28:26', '2018-10-24 08:28:26', 0),
(1026, 1, NULL, NULL, NULL, 'A-44', 0, '2018-10-24 08:28:26', '2018-10-24 08:28:26', 0),
(1027, 1, NULL, NULL, NULL, 'A-45', 0, '2018-10-24 08:28:26', '2018-10-24 08:28:26', 0),
(1028, 1, NULL, NULL, NULL, 'A-46', 0, '2018-10-24 08:28:26', '2018-10-24 08:28:26', 0),
(1087, 2, NULL, 10, NULL, 'A-1', 1, '2018-10-24 08:29:24', '2018-10-24 08:29:24', 0),
(1088, 2, NULL, 10, NULL, 'A-2', 1, '2018-10-24 08:29:24', '2018-10-24 08:29:24', 0),
(1089, 2, NULL, 12, NULL, 'A-3', 1, '2018-10-24 08:29:24', '2018-10-24 08:29:24', 0),
(1090, 2, NULL, 17, NULL, 'A-4', 1, '2018-10-24 08:29:24', '2018-10-24 08:29:24', 0),
(1091, 2, NULL, 13, NULL, 'A-5', 1, '2018-10-24 08:29:24', '2018-10-24 08:29:24', 0),
(1092, 2, NULL, 8, NULL, 'A-6', 1, '2018-10-24 08:29:24', '2018-10-24 08:29:24', 0),
(1093, 2, NULL, 9, NULL, 'A-7', 1, '2018-10-24 08:29:24', '2018-10-24 08:29:24', 0),
(1094, 2, NULL, 15, NULL, 'A-8', 1, '2018-10-24 08:29:24', '2018-10-24 08:29:24', 0),
(1095, 2, NULL, 16, NULL, 'A-9', 1, '2018-10-24 08:29:24', '2018-10-24 08:29:24', 0),
(1096, 2, NULL, 20, NULL, 'A-10', 1, '2018-10-24 08:29:24', '2018-10-24 08:29:24', 0),
(1097, 2, NULL, NULL, NULL, 'A-11', 0, '2018-10-24 08:29:24', '2018-10-24 08:29:24', 0),
(1098, 2, NULL, NULL, NULL, 'A-12', 0, '2018-10-24 08:29:24', '2018-10-24 08:29:24', 0),
(1099, 2, NULL, 21, NULL, 'A-13', 1, '2018-10-24 08:29:24', '2018-10-24 08:29:24', 0),
(1100, 2, NULL, 18, NULL, 'A-14', 1, '2018-10-24 08:29:24', '2018-10-24 08:29:24', 0),
(1101, 2, NULL, NULL, NULL, 'A-15', 0, '2018-10-24 08:29:24', '2018-10-24 08:29:24', 0),
(1102, 2, NULL, NULL, NULL, 'A-16', 0, '2018-10-24 08:29:24', '2018-10-24 08:29:24', 0),
(1103, 2, NULL, 23, NULL, 'A-17', 1, '2018-10-24 08:29:24', '2018-10-24 08:29:24', 0),
(1104, 2, NULL, 26, NULL, 'A-18', 1, '2018-10-24 08:29:24', '2018-10-24 08:29:24', 0),
(1105, 2, NULL, NULL, NULL, 'A-19', 0, '2018-10-24 08:29:24', '2018-10-24 08:29:24', 0),
(1106, 2, NULL, NULL, NULL, 'A-20', 0, '2018-10-24 08:29:24', '2018-10-24 08:29:24', 0),
(1107, 2, NULL, 19, NULL, 'A-21', 1, '2018-10-24 08:29:24', '2018-10-24 08:29:24', 0),
(1108, 2, NULL, 22, NULL, 'A-22', 1, '2018-10-24 08:29:24', '2018-10-24 08:29:24', 0),
(1109, 2, NULL, NULL, NULL, 'A-23', 0, '2018-10-24 08:29:24', '2018-10-24 08:29:24', 0),
(1110, 2, NULL, NULL, NULL, 'A-24', 0, '2018-10-24 08:29:24', '2018-10-24 08:29:24', 0),
(1111, 2, NULL, 24, NULL, 'A-25', 1, '2018-10-24 08:29:24', '2018-10-24 08:29:24', 0),
(1112, 2, NULL, 27, NULL, 'A-26', 1, '2018-10-24 08:29:24', '2018-10-24 08:29:24', 0),
(1113, 2, NULL, NULL, NULL, 'A-27', 0, '2018-10-24 08:29:24', '2018-10-24 08:29:24', 0),
(1114, 2, NULL, NULL, NULL, 'A-28', 0, '2018-10-24 08:29:24', '2018-10-24 08:29:24', 0),
(1115, 2, NULL, NULL, NULL, 'A-29', 0, '2018-10-24 08:29:24', '2018-10-24 08:29:24', 0),
(1116, 2, NULL, NULL, NULL, 'A-30', 0, '2018-10-24 08:29:24', '2018-10-24 08:29:24', 0),
(1117, 2, NULL, NULL, NULL, 'A-31', 0, '2018-10-24 08:29:24', '2018-10-24 08:29:24', 0),
(1118, 2, NULL, NULL, NULL, 'A-32', 0, '2018-10-24 08:29:24', '2018-10-24 08:29:24', 0),
(1119, 2, NULL, NULL, NULL, 'A-33', 0, '2018-10-24 08:29:24', '2018-10-24 08:29:24', 0),
(1120, 2, NULL, NULL, NULL, 'A-34', 0, '2018-10-24 08:29:24', '2018-10-24 08:29:24', 0),
(1121, 2, NULL, NULL, NULL, 'A-35', 0, '2018-10-24 08:29:24', '2018-10-24 08:29:24', 0),
(1122, 2, NULL, NULL, NULL, 'A-36', 0, '2018-10-24 08:29:24', '2018-10-24 08:29:24', 0),
(1123, 2, NULL, NULL, NULL, 'A-37', 0, '2018-10-24 08:29:24', '2018-10-24 08:29:24', 0),
(1124, 2, NULL, NULL, NULL, 'A-38', 0, '2018-10-24 08:29:24', '2018-10-24 08:29:24', 0),
(1125, 2, NULL, NULL, NULL, 'A-39', 0, '2018-10-24 08:29:24', '2018-10-24 08:29:24', 0),
(1126, 2, NULL, NULL, NULL, 'A-40', 0, '2018-10-24 08:29:24', '2018-10-24 08:29:24', 0),
(1127, 2, NULL, NULL, NULL, 'A-41', 0, '2018-10-24 08:29:24', '2018-10-24 08:29:24', 0),
(1128, 2, NULL, NULL, NULL, 'A-42', 0, '2018-10-24 08:29:24', '2018-10-24 08:29:24', 0),
(1129, 2, NULL, NULL, NULL, 'A-43', 0, '2018-10-24 08:29:24', '2018-10-24 08:29:24', 0),
(1130, 2, NULL, NULL, NULL, 'A-44', 0, '2018-10-24 08:29:24', '2018-10-24 08:29:24', 0),
(1131, 2, NULL, NULL, NULL, 'A-45', 0, '2018-10-24 08:29:24', '2018-10-24 08:29:24', 0),
(1132, 2, NULL, NULL, NULL, 'A-46', 0, '2018-10-24 08:29:24', '2018-10-24 08:29:24', 0),
(1191, 3, NULL, 23, NULL, 'A-1', 1, '2018-10-24 08:30:24', '2018-10-24 08:30:24', 0),
(1192, 3, NULL, 14, NULL, 'A-2', 1, '2018-10-24 08:30:24', '2018-10-24 08:30:24', 0),
(1193, 3, NULL, 19, NULL, 'A-3', 1, '2018-10-24 08:30:24', '2018-10-24 08:30:24', 0),
(1194, 3, NULL, 19, NULL, 'A-4', 1, '2018-10-24 08:30:24', '2018-10-24 08:30:24', 0),
(1195, 3, NULL, 24, NULL, 'A-5', 1, '2018-10-24 08:30:24', '2018-10-24 08:30:24', 0),
(1196, 3, NULL, 7, NULL, 'A-6', 1, '2018-10-24 08:30:24', '2018-10-24 08:30:24', 0),
(1197, 3, NULL, 12, NULL, 'A-7', 1, '2018-10-24 08:30:24', '2018-10-24 08:30:24', 0),
(1198, 3, NULL, 18, NULL, 'A-8', 1, '2018-10-24 08:30:24', '2018-10-24 08:30:24', 0),
(1199, 3, NULL, NULL, NULL, 'A-9', 0, '2018-10-24 08:30:24', '2018-10-24 08:30:24', 0),
(1200, 3, NULL, NULL, NULL, 'A-10', 0, '2018-10-24 08:30:24', '2018-10-24 08:30:24', 0),
(1201, 3, NULL, NULL, NULL, 'A-11', 0, '2018-10-24 08:30:24', '2018-10-24 08:30:24', 0),
(1202, 3, NULL, NULL, NULL, 'A-12', 0, '2018-10-24 08:30:24', '2018-10-24 08:30:24', 0),
(1203, 3, NULL, NULL, NULL, 'A-13', 0, '2018-10-24 08:30:24', '2018-10-24 08:30:24', 0),
(1204, 3, NULL, NULL, NULL, 'A-14', 0, '2018-10-24 08:30:24', '2018-10-24 08:30:24', 0),
(1205, 3, NULL, NULL, NULL, 'A-15', 0, '2018-10-24 08:30:24', '2018-10-24 08:30:24', 0),
(1206, 3, NULL, NULL, NULL, 'A-16', 0, '2018-10-24 08:30:24', '2018-10-24 08:30:24', 0),
(1207, 3, NULL, NULL, NULL, 'A-17', 0, '2018-10-24 08:30:24', '2018-10-24 08:30:24', 0),
(1208, 3, NULL, NULL, NULL, 'A-18', 0, '2018-10-24 08:30:24', '2018-10-24 08:30:24', 0),
(1209, 3, NULL, NULL, NULL, 'A-19', 0, '2018-10-24 08:30:24', '2018-10-24 08:30:24', 0),
(1210, 3, NULL, NULL, NULL, 'A-20', 0, '2018-10-24 08:30:24', '2018-10-24 08:30:24', 0),
(1211, 3, NULL, NULL, NULL, 'A-21', 0, '2018-10-24 08:30:24', '2018-10-24 08:30:24', 0),
(1212, 3, NULL, NULL, NULL, 'A-22', 0, '2018-10-24 08:30:24', '2018-10-24 08:30:24', 0),
(1213, 3, NULL, NULL, NULL, 'A-23', 0, '2018-10-24 08:30:24', '2018-10-24 08:30:24', 0),
(1214, 3, NULL, NULL, NULL, 'A-24', 0, '2018-10-24 08:30:24', '2018-10-24 08:30:24', 0),
(1215, 3, NULL, NULL, NULL, 'A-25', 0, '2018-10-24 08:30:24', '2018-10-24 08:30:24', 0),
(1216, 3, NULL, NULL, NULL, 'A-26', 0, '2018-10-24 08:30:24', '2018-10-24 08:30:24', 0),
(1217, 3, NULL, NULL, NULL, 'A-27', 0, '2018-10-24 08:30:24', '2018-10-24 08:30:24', 0),
(1218, 3, NULL, NULL, NULL, 'A-28', 0, '2018-10-24 08:30:24', '2018-10-24 08:30:24', 0),
(1219, 3, NULL, NULL, NULL, 'A-29', 0, '2018-10-24 08:30:24', '2018-10-24 08:30:24', 0),
(1220, 3, NULL, NULL, NULL, 'A-30', 0, '2018-10-24 08:30:24', '2018-10-24 08:30:24', 0),
(1221, 3, NULL, NULL, NULL, 'A-31', 0, '2018-10-24 08:30:24', '2018-10-24 08:30:24', 0),
(1222, 3, NULL, NULL, NULL, 'A-32', 0, '2018-10-24 08:30:24', '2018-10-24 08:30:24', 0),
(1223, 3, NULL, NULL, NULL, 'A-33', 0, '2018-10-24 08:30:24', '2018-10-24 08:30:24', 0),
(1224, 3, NULL, NULL, NULL, 'A-34', 0, '2018-10-24 08:30:24', '2018-10-24 08:30:24', 0),
(1225, 3, NULL, NULL, NULL, 'A-35', 0, '2018-10-24 08:30:24', '2018-10-24 08:30:24', 0),
(1226, 3, NULL, NULL, NULL, 'A-36', 0, '2018-10-24 08:30:24', '2018-10-24 08:30:24', 0),
(1227, 3, NULL, NULL, NULL, 'A-37', 0, '2018-10-24 08:30:24', '2018-10-24 08:30:24', 0),
(1228, 3, NULL, NULL, NULL, 'A-38', 0, '2018-10-24 08:30:24', '2018-10-24 08:30:24', 0),
(1229, 3, NULL, NULL, NULL, 'A-39', 0, '2018-10-24 08:30:24', '2018-10-24 08:30:24', 0),
(1230, 3, NULL, NULL, NULL, 'A-40', 0, '2018-10-24 08:30:24', '2018-10-24 08:30:24', 0),
(1231, 3, NULL, NULL, NULL, 'A-41', 0, '2018-10-24 08:30:24', '2018-10-24 08:30:24', 0),
(1232, 3, NULL, NULL, NULL, 'A-42', 0, '2018-10-24 08:30:24', '2018-10-24 08:30:24', 0),
(1233, 3, NULL, NULL, NULL, 'A-43', 0, '2018-10-24 08:30:24', '2018-10-24 08:30:24', 0),
(1234, 3, NULL, NULL, NULL, 'A-44', 0, '2018-10-24 08:30:24', '2018-10-24 08:30:24', 0),
(1235, 3, NULL, NULL, NULL, 'A-45', 0, '2018-10-24 08:30:24', '2018-10-24 08:30:24', 0),
(1236, 3, NULL, NULL, NULL, 'A-46', 0, '2018-10-24 08:30:24', '2018-10-24 08:30:24', 0),
(1295, 4, NULL, NULL, NULL, 'A-1', 0, '2018-10-24 08:31:07', '2018-10-24 08:31:07', 0),
(1296, 4, NULL, NULL, NULL, 'A-2', 0, '2018-10-24 08:31:07', '2018-10-24 08:31:07', 0),
(1297, 4, NULL, NULL, NULL, 'A-3', 0, '2018-10-24 08:31:07', '2018-10-24 08:31:07', 0),
(1298, 4, NULL, NULL, NULL, 'A-4', 0, '2018-10-24 08:31:07', '2018-10-24 08:31:07', 0),
(1299, 4, NULL, NULL, NULL, 'A-5', 0, '2018-10-24 08:31:07', '2018-10-24 08:31:07', 0),
(1300, 4, NULL, NULL, NULL, 'A-6', 0, '2018-10-24 08:31:07', '2018-10-24 08:31:07', 0),
(1301, 4, NULL, NULL, NULL, 'A-7', 0, '2018-10-24 08:31:07', '2018-10-24 08:31:07', 0),
(1302, 4, NULL, NULL, NULL, 'A-8', 0, '2018-10-24 08:31:07', '2018-10-24 08:31:07', 0),
(1303, 4, NULL, NULL, NULL, 'A-9', 0, '2018-10-24 08:31:07', '2018-10-24 08:31:07', 0),
(1304, 4, NULL, NULL, NULL, 'A-10', 0, '2018-10-24 08:31:07', '2018-10-24 08:31:07', 0),
(1305, 4, NULL, NULL, NULL, 'A-11', 0, '2018-10-24 08:31:07', '2018-10-24 08:31:07', 0),
(1306, 4, NULL, NULL, NULL, 'A-12', 0, '2018-10-24 08:31:07', '2018-10-24 08:31:07', 0),
(1307, 4, NULL, NULL, NULL, 'A-13', 0, '2018-10-24 08:31:07', '2018-10-24 08:31:07', 0),
(1308, 4, NULL, NULL, NULL, 'A-14', 0, '2018-10-24 08:31:07', '2018-10-24 08:31:07', 0),
(1309, 4, NULL, NULL, NULL, 'A-15', 0, '2018-10-24 08:31:07', '2018-10-24 08:31:07', 0),
(1310, 4, NULL, NULL, NULL, 'A-16', 0, '2018-10-24 08:31:07', '2018-10-24 08:31:07', 0),
(1311, 4, NULL, NULL, NULL, 'A-17', 0, '2018-10-24 08:31:07', '2018-10-24 08:31:07', 0),
(1312, 4, NULL, NULL, NULL, 'A-18', 0, '2018-10-24 08:31:07', '2018-10-24 08:31:07', 0),
(1313, 4, NULL, NULL, NULL, 'A-19', 0, '2018-10-24 08:31:07', '2018-10-24 08:31:07', 0),
(1314, 4, NULL, NULL, NULL, 'A-20', 0, '2018-10-24 08:31:07', '2018-10-24 08:31:07', 0),
(1315, 4, NULL, NULL, NULL, 'A-21', 0, '2018-10-24 08:31:07', '2018-10-24 08:31:07', 0),
(1316, 4, NULL, NULL, NULL, 'A-22', 0, '2018-10-24 08:31:07', '2018-10-24 08:31:07', 0),
(1317, 4, NULL, NULL, NULL, 'A-23', 0, '2018-10-24 08:31:07', '2018-10-24 08:31:07', 0),
(1318, 4, NULL, NULL, NULL, 'A-24', 0, '2018-10-24 08:31:07', '2018-10-24 08:31:07', 0),
(1319, 4, NULL, NULL, NULL, 'A-25', 0, '2018-10-24 08:31:07', '2018-10-24 08:31:07', 0),
(1320, 4, NULL, NULL, NULL, 'A-26', 0, '2018-10-24 08:31:07', '2018-10-24 08:31:07', 0),
(1321, 4, NULL, NULL, NULL, 'A-27', 0, '2018-10-24 08:31:07', '2018-10-24 08:31:07', 0),
(1322, 4, NULL, NULL, NULL, 'A-28', 0, '2018-10-24 08:31:07', '2018-10-24 08:31:07', 0),
(1323, 4, NULL, NULL, NULL, 'A-29', 0, '2018-10-24 08:31:07', '2018-10-24 08:31:07', 0),
(1324, 4, NULL, NULL, NULL, 'A-30', 0, '2018-10-24 08:31:07', '2018-10-24 08:31:07', 0),
(1325, 4, NULL, NULL, NULL, 'A-31', 0, '2018-10-24 08:31:07', '2018-10-24 08:31:07', 0),
(1326, 4, NULL, NULL, NULL, 'A-32', 0, '2018-10-24 08:31:07', '2018-10-24 08:31:07', 0),
(1327, 4, NULL, NULL, NULL, 'A-33', 0, '2018-10-24 08:31:07', '2018-10-24 08:31:07', 0),
(1328, 4, NULL, NULL, NULL, 'A-34', 0, '2018-10-24 08:31:07', '2018-10-24 08:31:07', 0),
(1329, 4, NULL, NULL, NULL, 'A-35', 0, '2018-10-24 08:31:07', '2018-10-24 08:31:07', 0),
(1330, 4, NULL, NULL, NULL, 'A-36', 0, '2018-10-24 08:31:07', '2018-10-24 08:31:07', 0),
(1331, 4, NULL, NULL, NULL, 'A-37', 0, '2018-10-24 08:31:07', '2018-10-24 08:31:07', 0),
(1332, 4, NULL, NULL, NULL, 'A-38', 0, '2018-10-24 08:31:07', '2018-10-24 08:31:07', 0),
(1333, 4, NULL, NULL, NULL, 'A-39', 0, '2018-10-24 08:31:07', '2018-10-24 08:31:07', 0),
(1334, 4, NULL, NULL, NULL, 'A-40', 0, '2018-10-24 08:31:07', '2018-10-24 08:31:07', 0),
(1335, 4, NULL, NULL, NULL, 'A-41', 0, '2018-10-24 08:31:07', '2018-10-24 08:31:07', 0),
(1336, 4, NULL, NULL, NULL, 'A-42', 0, '2018-10-24 08:31:07', '2018-10-24 08:31:07', 0),
(1337, 4, NULL, NULL, NULL, 'A-43', 0, '2018-10-24 08:31:07', '2018-10-24 08:31:07', 0),
(1338, 4, NULL, NULL, NULL, 'A-44', 0, '2018-10-24 08:31:07', '2018-10-24 08:31:07', 0),
(1339, 4, NULL, NULL, NULL, 'A-45', 0, '2018-10-24 08:31:07', '2018-10-24 08:31:07', 0),
(1340, 4, NULL, NULL, NULL, 'A-46', 0, '2018-10-24 08:31:07', '2018-10-24 08:31:07', 0),
(1399, 5, NULL, NULL, NULL, 'A-1', 0, '2018-10-24 08:31:51', '2018-10-24 08:31:51', 0),
(1400, 5, NULL, NULL, NULL, 'A-2', 0, '2018-10-24 08:31:51', '2018-10-24 08:31:51', 0),
(1401, 5, NULL, NULL, NULL, 'A-3', 0, '2018-10-24 08:31:51', '2018-10-24 08:31:51', 0),
(1402, 5, NULL, NULL, NULL, 'A-4', 0, '2018-10-24 08:31:51', '2018-10-24 08:31:51', 0),
(1403, 5, NULL, NULL, NULL, 'A-5', 0, '2018-10-24 08:31:51', '2018-10-24 08:31:51', 0),
(1404, 5, NULL, NULL, NULL, 'A-6', 0, '2018-10-24 08:31:51', '2018-10-24 08:31:51', 0),
(1405, 5, NULL, NULL, NULL, 'A-7', 0, '2018-10-24 08:31:51', '2018-10-24 08:31:51', 0),
(1406, 5, NULL, NULL, NULL, 'A-8', 0, '2018-10-24 08:31:51', '2018-10-24 08:31:51', 0),
(1407, 5, NULL, NULL, NULL, 'A-9', 0, '2018-10-24 08:31:51', '2018-10-24 08:31:51', 0),
(1408, 5, NULL, NULL, NULL, 'A-10', 0, '2018-10-24 08:31:51', '2018-10-24 08:31:51', 0),
(1409, 5, NULL, NULL, NULL, 'A-11', 0, '2018-10-24 08:31:51', '2018-10-24 08:31:51', 0),
(1410, 5, NULL, NULL, NULL, 'A-12', 0, '2018-10-24 08:31:51', '2018-10-24 08:31:51', 0),
(1411, 5, NULL, NULL, NULL, 'A-13', 0, '2018-10-24 08:31:51', '2018-10-24 08:31:51', 0),
(1412, 5, NULL, NULL, NULL, 'A-14', 0, '2018-10-24 08:31:51', '2018-10-24 08:31:51', 0),
(1413, 5, NULL, NULL, NULL, 'A-15', 0, '2018-10-24 08:31:51', '2018-10-24 08:31:51', 0),
(1414, 5, NULL, NULL, NULL, 'A-16', 0, '2018-10-24 08:31:51', '2018-10-24 08:31:51', 0),
(1415, 5, NULL, NULL, NULL, 'A-17', 0, '2018-10-24 08:31:51', '2018-10-24 08:31:51', 0),
(1416, 5, NULL, NULL, NULL, 'A-18', 0, '2018-10-24 08:31:51', '2018-10-24 08:31:51', 0),
(1417, 5, NULL, NULL, NULL, 'A-19', 0, '2018-10-24 08:31:51', '2018-10-24 08:31:51', 0),
(1418, 5, NULL, NULL, NULL, 'A-20', 0, '2018-10-24 08:31:51', '2018-10-24 08:31:51', 0),
(1419, 5, NULL, NULL, NULL, 'A-21', 0, '2018-10-24 08:31:51', '2018-10-24 08:31:51', 0),
(1420, 5, NULL, NULL, NULL, 'A-22', 0, '2018-10-24 08:31:51', '2018-10-24 08:31:51', 0),
(1421, 5, NULL, NULL, NULL, 'A-23', 0, '2018-10-24 08:31:51', '2018-10-24 08:31:51', 0),
(1422, 5, NULL, NULL, NULL, 'A-24', 0, '2018-10-24 08:31:51', '2018-10-24 08:31:51', 0),
(1423, 5, NULL, NULL, NULL, 'A-25', 0, '2018-10-24 08:31:51', '2018-10-24 08:31:51', 0),
(1424, 5, NULL, NULL, NULL, 'A-26', 0, '2018-10-24 08:31:51', '2018-10-24 08:31:51', 0),
(1425, 5, NULL, NULL, NULL, 'A-27', 0, '2018-10-24 08:31:51', '2018-10-24 08:31:51', 0),
(1426, 5, NULL, NULL, NULL, 'A-28', 0, '2018-10-24 08:31:51', '2018-10-24 08:31:51', 0),
(1427, 5, NULL, NULL, NULL, 'A-29', 0, '2018-10-24 08:31:51', '2018-10-24 08:31:51', 0),
(1428, 5, NULL, NULL, NULL, 'A-30', 0, '2018-10-24 08:31:51', '2018-10-24 08:31:51', 0),
(1429, 5, NULL, NULL, NULL, 'A-31', 0, '2018-10-24 08:31:51', '2018-10-24 08:31:51', 0),
(1430, 5, NULL, NULL, NULL, 'A-32', 0, '2018-10-24 08:31:51', '2018-10-24 08:31:51', 0),
(1431, 5, NULL, NULL, NULL, 'A-33', 0, '2018-10-24 08:31:51', '2018-10-24 08:31:51', 0),
(1432, 5, NULL, NULL, NULL, 'A-34', 0, '2018-10-24 08:31:51', '2018-10-24 08:31:51', 0),
(1433, 5, NULL, NULL, NULL, 'A-35', 0, '2018-10-24 08:31:51', '2018-10-24 08:31:51', 0),
(1434, 5, NULL, NULL, NULL, 'A-36', 0, '2018-10-24 08:31:51', '2018-10-24 08:31:51', 0),
(1435, 5, NULL, NULL, NULL, 'A-37', 0, '2018-10-24 08:31:51', '2018-10-24 08:31:51', 0),
(1436, 5, NULL, NULL, NULL, 'A-38', 0, '2018-10-24 08:31:51', '2018-10-24 08:31:51', 0),
(1437, 5, NULL, NULL, NULL, 'A-39', 0, '2018-10-24 08:31:51', '2018-10-24 08:31:51', 0),
(1438, 5, NULL, NULL, NULL, 'A-40', 0, '2018-10-24 08:31:51', '2018-10-24 08:31:51', 0),
(1439, 5, NULL, NULL, NULL, 'A-41', 0, '2018-10-24 08:31:51', '2018-10-24 08:31:51', 0),
(1440, 5, NULL, NULL, NULL, 'A-42', 0, '2018-10-24 08:31:51', '2018-10-24 08:31:51', 0),
(1441, 5, NULL, NULL, NULL, 'A-43', 0, '2018-10-24 08:31:51', '2018-10-24 08:31:51', 0),
(1442, 5, NULL, NULL, NULL, 'A-44', 0, '2018-10-24 08:31:51', '2018-10-24 08:31:51', 0),
(1443, 5, NULL, NULL, NULL, 'A-45', 0, '2018-10-24 08:31:51', '2018-10-24 08:31:51', 0),
(1444, 5, NULL, NULL, NULL, 'A-46', 0, '2018-10-24 08:31:51', '2018-10-24 08:31:51', 0),
(1503, 6, NULL, NULL, NULL, 'A-1', 0, '2018-10-24 08:32:57', '2018-10-24 08:32:57', 0),
(1504, 6, NULL, NULL, NULL, 'A-2', 0, '2018-10-24 08:32:57', '2018-10-24 08:32:57', 0),
(1505, 6, NULL, NULL, NULL, 'A-3', 0, '2018-10-24 08:32:57', '2018-10-24 08:32:57', 0),
(1506, 6, NULL, NULL, NULL, 'A-4', 0, '2018-10-24 08:32:57', '2018-10-24 08:32:57', 0),
(1507, 6, NULL, NULL, NULL, 'A-5', 0, '2018-10-24 08:32:57', '2018-10-24 08:32:57', 0),
(1508, 6, NULL, NULL, NULL, 'A-6', 0, '2018-10-24 08:32:57', '2018-10-24 08:32:57', 0),
(1509, 6, NULL, NULL, NULL, 'A-7', 0, '2018-10-24 08:32:57', '2018-10-24 08:32:57', 0),
(1510, 6, NULL, NULL, NULL, 'A-8', 0, '2018-10-24 08:32:57', '2018-10-24 08:32:57', 0),
(1511, 6, NULL, NULL, NULL, 'A-9', 0, '2018-10-24 08:32:57', '2018-10-24 08:32:57', 0),
(1512, 6, NULL, NULL, NULL, 'A-10', 0, '2018-10-24 08:32:57', '2018-10-24 08:32:57', 0),
(1513, 6, NULL, NULL, NULL, 'A-11', 0, '2018-10-24 08:32:57', '2018-10-24 08:32:57', 0),
(1514, 6, NULL, NULL, NULL, 'A-12', 0, '2018-10-24 08:32:57', '2018-10-24 08:32:57', 0),
(1515, 6, NULL, NULL, NULL, 'A-13', 0, '2018-10-24 08:32:57', '2018-10-24 08:32:57', 0),
(1516, 6, NULL, NULL, NULL, 'A-14', 0, '2018-10-24 08:32:57', '2018-10-24 08:32:57', 0),
(1517, 6, NULL, NULL, NULL, 'A-15', 0, '2018-10-24 08:32:57', '2018-10-24 08:32:57', 0),
(1518, 6, NULL, NULL, NULL, 'A-16', 0, '2018-10-24 08:32:57', '2018-10-24 08:32:57', 0),
(1519, 6, NULL, NULL, NULL, 'A-17', 0, '2018-10-24 08:32:57', '2018-10-24 08:32:57', 0),
(1520, 6, NULL, NULL, NULL, 'A-18', 0, '2018-10-24 08:32:57', '2018-10-24 08:32:57', 0),
(1521, 6, NULL, NULL, NULL, 'A-19', 0, '2018-10-24 08:32:57', '2018-10-24 08:32:57', 0),
(1522, 6, NULL, NULL, NULL, 'A-20', 0, '2018-10-24 08:32:57', '2018-10-24 08:32:57', 0),
(1523, 6, NULL, NULL, NULL, 'A-21', 0, '2018-10-24 08:32:57', '2018-10-24 08:32:57', 0),
(1524, 6, NULL, NULL, NULL, 'A-22', 0, '2018-10-24 08:32:57', '2018-10-24 08:32:57', 0),
(1525, 6, NULL, NULL, NULL, 'A-23', 0, '2018-10-24 08:32:57', '2018-10-24 08:32:57', 0),
(1526, 6, NULL, NULL, NULL, 'A-24', 0, '2018-10-24 08:32:57', '2018-10-24 08:32:57', 0),
(1527, 6, NULL, NULL, NULL, 'A-25', 0, '2018-10-24 08:32:57', '2018-10-24 08:32:57', 0),
(1528, 6, NULL, NULL, NULL, 'A-26', 0, '2018-10-24 08:32:57', '2018-10-24 08:32:57', 0),
(1529, 6, NULL, NULL, NULL, 'A-27', 0, '2018-10-24 08:32:57', '2018-10-24 08:32:57', 0),
(1530, 6, NULL, NULL, NULL, 'A-28', 0, '2018-10-24 08:32:57', '2018-10-24 08:32:57', 0),
(1531, 6, NULL, NULL, NULL, 'A-29', 0, '2018-10-24 08:32:57', '2018-10-24 08:32:57', 0),
(1532, 6, NULL, NULL, NULL, 'A-30', 0, '2018-10-24 08:32:57', '2018-10-24 08:32:57', 0),
(1533, 6, NULL, NULL, NULL, 'A-31', 0, '2018-10-24 08:32:57', '2018-10-24 08:32:57', 0),
(1534, 6, NULL, NULL, NULL, 'A-32', 0, '2018-10-24 08:32:57', '2018-10-24 08:32:57', 0),
(1535, 6, NULL, NULL, NULL, 'A-33', 0, '2018-10-24 08:32:57', '2018-10-24 08:32:57', 0),
(1536, 6, NULL, NULL, NULL, 'A-34', 0, '2018-10-24 08:32:57', '2018-10-24 08:32:57', 0),
(1537, 6, NULL, NULL, NULL, 'A-35', 0, '2018-10-24 08:32:57', '2018-10-24 08:32:57', 0),
(1538, 6, NULL, NULL, NULL, 'A-36', 0, '2018-10-24 08:32:57', '2018-10-24 08:32:57', 0),
(1539, 6, NULL, NULL, NULL, 'A-37', 0, '2018-10-24 08:32:57', '2018-10-24 08:32:57', 0),
(1540, 6, NULL, NULL, NULL, 'A-38', 0, '2018-10-24 08:32:57', '2018-10-24 08:32:57', 0),
(1541, 6, NULL, NULL, NULL, 'A-39', 0, '2018-10-24 08:32:57', '2018-10-24 08:32:57', 0),
(1542, 6, NULL, NULL, NULL, 'A-40', 0, '2018-10-24 08:32:57', '2018-10-24 08:32:57', 0),
(1543, 6, NULL, NULL, NULL, 'A-41', 0, '2018-10-24 08:32:57', '2018-10-24 08:32:57', 0),
(1544, 6, NULL, NULL, NULL, 'A-42', 0, '2018-10-24 08:32:57', '2018-10-24 08:32:57', 0),
(1545, 6, NULL, NULL, NULL, 'A-43', 0, '2018-10-24 08:32:57', '2018-10-24 08:32:57', 0),
(1546, 6, NULL, NULL, NULL, 'A-44', 0, '2018-10-24 08:32:57', '2018-10-24 08:32:57', 0),
(1547, 6, NULL, NULL, NULL, 'A-45', 0, '2018-10-24 08:32:57', '2018-10-24 08:32:57', 0),
(1548, 6, NULL, NULL, NULL, 'A-46', 0, '2018-10-24 08:32:57', '2018-10-24 08:32:57', 0),
(1607, 9, NULL, NULL, NULL, 'A-1', 0, '2018-10-24 08:33:44', '2018-10-24 08:33:44', 0),
(1608, 9, NULL, NULL, NULL, 'A-2', 0, '2018-10-24 08:33:44', '2018-10-24 08:33:44', 0),
(1609, 9, NULL, NULL, NULL, 'A-3', 0, '2018-10-24 08:33:44', '2018-10-24 08:33:44', 0),
(1610, 9, NULL, NULL, NULL, 'A-4', 0, '2018-10-24 08:33:44', '2018-10-24 08:33:44', 0),
(1611, 9, NULL, NULL, NULL, 'A-5', 0, '2018-10-24 08:33:44', '2018-10-24 08:33:44', 0),
(1612, 9, NULL, NULL, NULL, 'A-6', 0, '2018-10-24 08:33:44', '2018-10-24 08:33:44', 0),
(1613, 9, NULL, NULL, NULL, 'A-7', 0, '2018-10-24 08:33:44', '2018-10-24 08:33:44', 0),
(1614, 9, NULL, NULL, NULL, 'A-8', 0, '2018-10-24 08:33:44', '2018-10-24 08:33:44', 0),
(1615, 9, NULL, NULL, NULL, 'A-9', 0, '2018-10-24 08:33:44', '2018-10-24 08:33:44', 0),
(1616, 9, NULL, NULL, NULL, 'A-10', 0, '2018-10-24 08:33:44', '2018-10-24 08:33:44', 0),
(1617, 9, NULL, NULL, NULL, 'A-11', 0, '2018-10-24 08:33:44', '2018-10-24 08:33:44', 0),
(1618, 9, NULL, NULL, NULL, 'A-12', 0, '2018-10-24 08:33:44', '2018-10-24 08:33:44', 0),
(1619, 9, NULL, NULL, NULL, 'A-13', 0, '2018-10-24 08:33:44', '2018-10-24 08:33:44', 0),
(1620, 9, NULL, NULL, NULL, 'A-14', 0, '2018-10-24 08:33:44', '2018-10-24 08:33:44', 0),
(1621, 9, NULL, NULL, NULL, 'A-15', 0, '2018-10-24 08:33:44', '2018-10-24 08:33:44', 0),
(1622, 9, NULL, NULL, NULL, 'A-16', 0, '2018-10-24 08:33:44', '2018-10-24 08:33:44', 0),
(1623, 9, NULL, NULL, NULL, 'A-17', 0, '2018-10-24 08:33:44', '2018-10-24 08:33:44', 0),
(1624, 9, NULL, NULL, NULL, 'A-18', 0, '2018-10-24 08:33:44', '2018-10-24 08:33:44', 0),
(1625, 9, NULL, NULL, NULL, 'A-19', 0, '2018-10-24 08:33:44', '2018-10-24 08:33:44', 0),
(1626, 9, NULL, NULL, NULL, 'A-20', 0, '2018-10-24 08:33:44', '2018-10-24 08:33:44', 0),
(1627, 9, NULL, NULL, NULL, 'A-21', 0, '2018-10-24 08:33:44', '2018-10-24 08:33:44', 0),
(1628, 9, NULL, NULL, NULL, 'A-22', 0, '2018-10-24 08:33:44', '2018-10-24 08:33:44', 0),
(1629, 9, NULL, NULL, NULL, 'A-23', 0, '2018-10-24 08:33:44', '2018-10-24 08:33:44', 0),
(1630, 9, NULL, NULL, NULL, 'A-24', 0, '2018-10-24 08:33:44', '2018-10-24 08:33:44', 0),
(1631, 9, NULL, NULL, NULL, 'A-25', 0, '2018-10-24 08:33:44', '2018-10-24 08:33:44', 0),
(1632, 9, NULL, NULL, NULL, 'A-26', 0, '2018-10-24 08:33:44', '2018-10-24 08:33:44', 0),
(1633, 9, NULL, NULL, NULL, 'A-27', 0, '2018-10-24 08:33:44', '2018-10-24 08:33:44', 0),
(1634, 9, NULL, NULL, NULL, 'A-28', 0, '2018-10-24 08:33:44', '2018-10-24 08:33:44', 0),
(1635, 9, NULL, NULL, NULL, 'A-29', 0, '2018-10-24 08:33:44', '2018-10-24 08:33:44', 0),
(1636, 9, NULL, NULL, NULL, 'A-30', 0, '2018-10-24 08:33:44', '2018-10-24 08:33:44', 0),
(1637, 9, NULL, NULL, NULL, 'A-31', 0, '2018-10-24 08:33:44', '2018-10-24 08:33:44', 0),
(1638, 9, NULL, NULL, NULL, 'A-32', 0, '2018-10-24 08:33:44', '2018-10-24 08:33:44', 0),
(1639, 9, NULL, NULL, NULL, 'A-33', 0, '2018-10-24 08:33:44', '2018-10-24 08:33:44', 0),
(1640, 9, NULL, NULL, NULL, 'A-34', 0, '2018-10-24 08:33:44', '2018-10-24 08:33:44', 0),
(1641, 9, NULL, NULL, NULL, 'A-35', 0, '2018-10-24 08:33:44', '2018-10-24 08:33:44', 0),
(1642, 9, NULL, NULL, NULL, 'A-36', 0, '2018-10-24 08:33:44', '2018-10-24 08:33:44', 0),
(1643, 9, NULL, NULL, NULL, 'A-37', 0, '2018-10-24 08:33:44', '2018-10-24 08:33:44', 0),
(1644, 9, NULL, NULL, NULL, 'A-38', 0, '2018-10-24 08:33:44', '2018-10-24 08:33:44', 0),
(1645, 9, NULL, NULL, NULL, 'A-39', 0, '2018-10-24 08:33:44', '2018-10-24 08:33:44', 0),
(1646, 9, NULL, NULL, NULL, 'A-40', 0, '2018-10-24 08:33:44', '2018-10-24 08:33:44', 0),
(1647, 9, NULL, NULL, NULL, 'A-41', 0, '2018-10-24 08:33:44', '2018-10-24 08:33:44', 0),
(1648, 9, NULL, NULL, NULL, 'A-42', 0, '2018-10-24 08:33:44', '2018-10-24 08:33:44', 0),
(1649, 9, NULL, NULL, NULL, 'A-43', 0, '2018-10-24 08:33:44', '2018-10-24 08:33:44', 0),
(1650, 9, NULL, NULL, NULL, 'A-44', 0, '2018-10-24 08:33:44', '2018-10-24 08:33:44', 0),
(1651, 9, NULL, NULL, NULL, 'A-45', 0, '2018-10-24 08:33:44', '2018-10-24 08:33:44', 0),
(1652, 9, NULL, NULL, NULL, 'A-46', 0, '2018-10-24 08:33:44', '2018-10-24 08:33:44', 0),
(1711, 13, NULL, NULL, NULL, 'A-1', 0, '2018-10-24 08:34:07', '2018-10-24 08:34:07', 0),
(1712, 13, NULL, NULL, NULL, 'A-2', 0, '2018-10-24 08:34:07', '2018-10-24 08:34:07', 0),
(1713, 13, NULL, NULL, NULL, 'A-3', 0, '2018-10-24 08:34:07', '2018-10-24 08:34:07', 0),
(1714, 13, NULL, NULL, NULL, 'A-4', 0, '2018-10-24 08:34:07', '2018-10-24 08:34:07', 0),
(1715, 13, NULL, NULL, NULL, 'A-5', 0, '2018-10-24 08:34:07', '2018-10-24 08:34:07', 0),
(1716, 13, NULL, NULL, NULL, 'A-6', 0, '2018-10-24 08:34:07', '2018-10-24 08:34:07', 0),
(1717, 13, NULL, NULL, NULL, 'A-7', 0, '2018-10-24 08:34:07', '2018-10-24 08:34:07', 0),
(1718, 13, NULL, NULL, NULL, 'A-8', 0, '2018-10-24 08:34:07', '2018-10-24 08:34:07', 0),
(1719, 13, NULL, NULL, NULL, 'A-9', 0, '2018-10-24 08:34:07', '2018-10-24 08:34:07', 0),
(1720, 13, NULL, NULL, NULL, 'A-10', 0, '2018-10-24 08:34:07', '2018-10-24 08:34:07', 0),
(1721, 13, NULL, NULL, NULL, 'A-11', 0, '2018-10-24 08:34:07', '2018-10-24 08:34:07', 0),
(1722, 13, NULL, NULL, NULL, 'A-12', 0, '2018-10-24 08:34:07', '2018-10-24 08:34:07', 0),
(1723, 13, NULL, NULL, NULL, 'A-13', 0, '2018-10-24 08:34:07', '2018-10-24 08:34:07', 0),
(1724, 13, NULL, NULL, NULL, 'A-14', 0, '2018-10-24 08:34:07', '2018-10-24 08:34:07', 0),
(1725, 13, NULL, NULL, NULL, 'A-15', 0, '2018-10-24 08:34:07', '2018-10-24 08:34:07', 0),
(1726, 13, NULL, NULL, NULL, 'A-16', 0, '2018-10-24 08:34:07', '2018-10-24 08:34:07', 0),
(1727, 13, NULL, NULL, NULL, 'A-17', 0, '2018-10-24 08:34:07', '2018-10-24 08:34:07', 0),
(1728, 13, NULL, NULL, NULL, 'A-18', 0, '2018-10-24 08:34:07', '2018-10-24 08:34:07', 0),
(1729, 13, NULL, NULL, NULL, 'A-19', 0, '2018-10-24 08:34:07', '2018-10-24 08:34:07', 0),
(1730, 13, NULL, NULL, NULL, 'A-20', 0, '2018-10-24 08:34:07', '2018-10-24 08:34:07', 0),
(1731, 13, NULL, NULL, NULL, 'A-21', 0, '2018-10-24 08:34:07', '2018-10-24 08:34:07', 0),
(1732, 13, NULL, NULL, NULL, 'A-22', 0, '2018-10-24 08:34:07', '2018-10-24 08:34:07', 0),
(1733, 13, NULL, NULL, NULL, 'A-23', 0, '2018-10-24 08:34:07', '2018-10-24 08:34:07', 0),
(1734, 13, NULL, NULL, NULL, 'A-24', 0, '2018-10-24 08:34:07', '2018-10-24 08:34:07', 0),
(1735, 13, NULL, NULL, NULL, 'A-25', 0, '2018-10-24 08:34:07', '2018-10-24 08:34:07', 0),
(1736, 13, NULL, NULL, NULL, 'A-26', 0, '2018-10-24 08:34:07', '2018-10-24 08:34:07', 0),
(1737, 13, NULL, NULL, NULL, 'A-27', 0, '2018-10-24 08:34:07', '2018-10-24 08:34:07', 0),
(1738, 13, NULL, NULL, NULL, 'A-28', 0, '2018-10-24 08:34:07', '2018-10-24 08:34:07', 0),
(1739, 13, NULL, NULL, NULL, 'A-29', 0, '2018-10-24 08:34:07', '2018-10-24 08:34:07', 0),
(1740, 13, NULL, NULL, NULL, 'A-30', 0, '2018-10-24 08:34:07', '2018-10-24 08:34:07', 0),
(1741, 13, NULL, NULL, NULL, 'A-31', 0, '2018-10-24 08:34:07', '2018-10-24 08:34:07', 0),
(1742, 13, NULL, NULL, NULL, 'A-32', 0, '2018-10-24 08:34:07', '2018-10-24 08:34:07', 0),
(1743, 13, NULL, NULL, NULL, 'A-33', 0, '2018-10-24 08:34:07', '2018-10-24 08:34:07', 0),
(1744, 13, NULL, NULL, NULL, 'A-34', 0, '2018-10-24 08:34:07', '2018-10-24 08:34:07', 0),
(1745, 13, NULL, NULL, NULL, 'A-35', 0, '2018-10-24 08:34:07', '2018-10-24 08:34:07', 0),
(1746, 13, NULL, NULL, NULL, 'A-36', 0, '2018-10-24 08:34:07', '2018-10-24 08:34:07', 0),
(1747, 13, NULL, NULL, NULL, 'A-37', 0, '2018-10-24 08:34:07', '2018-10-24 08:34:07', 0),
(1748, 13, NULL, NULL, NULL, 'A-38', 0, '2018-10-24 08:34:07', '2018-10-24 08:34:07', 0),
(1749, 13, NULL, NULL, NULL, 'A-39', 0, '2018-10-24 08:34:07', '2018-10-24 08:34:07', 0),
(1750, 13, NULL, NULL, NULL, 'A-40', 0, '2018-10-24 08:34:07', '2018-10-24 08:34:07', 0),
(1751, 13, NULL, NULL, NULL, 'A-41', 0, '2018-10-24 08:34:07', '2018-10-24 08:34:07', 0),
(1752, 13, NULL, NULL, NULL, 'A-42', 0, '2018-10-24 08:34:07', '2018-10-24 08:34:07', 0),
(1753, 13, NULL, NULL, NULL, 'A-43', 0, '2018-10-24 08:34:07', '2018-10-24 08:34:07', 0),
(1754, 13, NULL, NULL, NULL, 'A-44', 0, '2018-10-24 08:34:07', '2018-10-24 08:34:07', 0),
(1755, 13, NULL, NULL, NULL, 'A-45', 0, '2018-10-24 08:34:07', '2018-10-24 08:34:07', 0),
(1756, 13, NULL, NULL, NULL, 'A-46', 0, '2018-10-24 08:34:07', '2018-10-24 08:34:07', 0),
(1815, 7, NULL, NULL, NULL, 'A-1', 0, '2018-10-24 08:34:24', '2018-10-24 08:34:24', 0),
(1816, 7, NULL, NULL, NULL, 'A-2', 0, '2018-10-24 08:34:24', '2018-10-24 08:34:24', 0),
(1817, 7, NULL, NULL, NULL, 'A-3', 0, '2018-10-24 08:34:24', '2018-10-24 08:34:24', 0),
(1818, 7, NULL, NULL, NULL, 'A-4', 0, '2018-10-24 08:34:24', '2018-10-24 08:34:24', 0),
(1819, 7, NULL, NULL, NULL, 'A-5', 0, '2018-10-24 08:34:24', '2018-10-24 08:34:24', 0),
(1820, 7, NULL, NULL, NULL, 'A-6', 0, '2018-10-24 08:34:24', '2018-10-24 08:34:24', 0),
(1821, 7, NULL, NULL, NULL, 'A-7', 0, '2018-10-24 08:34:24', '2018-10-24 08:34:24', 0),
(1822, 7, NULL, NULL, NULL, 'A-8', 0, '2018-10-24 08:34:24', '2018-10-24 08:34:24', 0),
(1823, 7, NULL, NULL, NULL, 'A-9', 0, '2018-10-24 08:34:24', '2018-10-24 08:34:24', 0),
(1824, 7, NULL, NULL, NULL, 'A-10', 0, '2018-10-24 08:34:24', '2018-10-24 08:34:24', 0),
(1825, 7, NULL, NULL, NULL, 'A-11', 0, '2018-10-24 08:34:24', '2018-10-24 08:34:24', 0),
(1826, 7, NULL, NULL, NULL, 'A-12', 0, '2018-10-24 08:34:24', '2018-10-24 08:34:24', 0),
(1827, 7, NULL, NULL, NULL, 'A-13', 0, '2018-10-24 08:34:24', '2018-10-24 08:34:24', 0),
(1828, 7, NULL, NULL, NULL, 'A-14', 0, '2018-10-24 08:34:24', '2018-10-24 08:34:24', 0),
(1829, 7, NULL, NULL, NULL, 'A-15', 0, '2018-10-24 08:34:24', '2018-10-24 08:34:24', 0),
(1830, 7, NULL, NULL, NULL, 'A-16', 0, '2018-10-24 08:34:24', '2018-10-24 08:34:24', 0),
(1831, 7, NULL, NULL, NULL, 'A-17', 0, '2018-10-24 08:34:24', '2018-10-24 08:34:24', 0),
(1832, 7, NULL, NULL, NULL, 'A-18', 0, '2018-10-24 08:34:24', '2018-10-24 08:34:24', 0),
(1833, 7, NULL, NULL, NULL, 'A-19', 0, '2018-10-24 08:34:24', '2018-10-24 08:34:24', 0),
(1834, 7, NULL, NULL, NULL, 'A-20', 0, '2018-10-24 08:34:24', '2018-10-24 08:34:24', 0),
(1835, 7, NULL, NULL, NULL, 'A-21', 0, '2018-10-24 08:34:24', '2018-10-24 08:34:24', 0),
(1836, 7, NULL, NULL, NULL, 'A-22', 0, '2018-10-24 08:34:24', '2018-10-24 08:34:24', 0),
(1837, 7, NULL, NULL, NULL, 'A-23', 0, '2018-10-24 08:34:24', '2018-10-24 08:34:24', 0),
(1838, 7, NULL, NULL, NULL, 'A-24', 0, '2018-10-24 08:34:24', '2018-10-24 08:34:24', 0),
(1839, 7, NULL, NULL, NULL, 'A-25', 0, '2018-10-24 08:34:24', '2018-10-24 08:34:24', 0),
(1840, 7, NULL, NULL, NULL, 'A-26', 0, '2018-10-24 08:34:24', '2018-10-24 08:34:24', 0),
(1841, 7, NULL, NULL, NULL, 'A-27', 0, '2018-10-24 08:34:24', '2018-10-24 08:34:24', 0),
(1842, 7, NULL, NULL, NULL, 'A-28', 0, '2018-10-24 08:34:24', '2018-10-24 08:34:24', 0),
(1843, 7, NULL, NULL, NULL, 'A-29', 0, '2018-10-24 08:34:24', '2018-10-24 08:34:24', 0),
(1844, 7, NULL, NULL, NULL, 'A-30', 0, '2018-10-24 08:34:24', '2018-10-24 08:34:24', 0),
(1845, 7, NULL, NULL, NULL, 'A-31', 0, '2018-10-24 08:34:24', '2018-10-24 08:34:24', 0),
(1846, 7, NULL, NULL, NULL, 'A-32', 0, '2018-10-24 08:34:24', '2018-10-24 08:34:24', 0),
(1847, 7, NULL, NULL, NULL, 'A-33', 0, '2018-10-24 08:34:24', '2018-10-24 08:34:24', 0),
(1848, 7, NULL, NULL, NULL, 'A-34', 0, '2018-10-24 08:34:24', '2018-10-24 08:34:24', 0),
(1849, 7, NULL, NULL, NULL, 'A-35', 0, '2018-10-24 08:34:24', '2018-10-24 08:34:24', 0),
(1850, 7, NULL, NULL, NULL, 'A-36', 0, '2018-10-24 08:34:24', '2018-10-24 08:34:24', 0),
(1851, 7, NULL, NULL, NULL, 'A-37', 0, '2018-10-24 08:34:24', '2018-10-24 08:34:24', 0),
(1852, 7, NULL, NULL, NULL, 'A-38', 0, '2018-10-24 08:34:24', '2018-10-24 08:34:24', 0),
(1853, 7, NULL, NULL, NULL, 'A-39', 0, '2018-10-24 08:34:24', '2018-10-24 08:34:24', 0),
(1854, 7, NULL, NULL, NULL, 'A-40', 0, '2018-10-24 08:34:24', '2018-10-24 08:34:24', 0),
(1855, 7, NULL, NULL, NULL, 'A-41', 0, '2018-10-24 08:34:24', '2018-10-24 08:34:24', 0),
(1856, 7, NULL, NULL, NULL, 'A-42', 0, '2018-10-24 08:34:24', '2018-10-24 08:34:24', 0),
(1857, 7, NULL, NULL, NULL, 'A-43', 0, '2018-10-24 08:34:24', '2018-10-24 08:34:24', 0),
(1858, 7, NULL, NULL, NULL, 'A-44', 0, '2018-10-24 08:34:24', '2018-10-24 08:34:24', 0),
(1859, 7, NULL, NULL, NULL, 'A-45', 0, '2018-10-24 08:34:24', '2018-10-24 08:34:24', 0),
(1860, 7, NULL, NULL, NULL, 'A-46', 0, '2018-10-24 08:34:24', '2018-10-24 08:34:24', 0),
(1919, 8, NULL, NULL, NULL, 'A-1', 0, '2018-10-24 08:34:59', '2018-10-24 08:34:59', 0),
(1920, 8, NULL, NULL, NULL, 'A-2', 0, '2018-10-24 08:34:59', '2018-10-24 08:34:59', 0),
(1921, 8, NULL, NULL, NULL, 'A-3', 0, '2018-10-24 08:34:59', '2018-10-24 08:34:59', 0),
(1922, 8, NULL, NULL, NULL, 'A-4', 0, '2018-10-24 08:34:59', '2018-10-24 08:34:59', 0),
(1923, 8, NULL, NULL, NULL, 'A-5', 0, '2018-10-24 08:34:59', '2018-10-24 08:34:59', 0),
(1924, 8, NULL, NULL, NULL, 'A-6', 0, '2018-10-24 08:34:59', '2018-10-24 08:34:59', 0),
(1925, 8, NULL, NULL, NULL, 'A-7', 0, '2018-10-24 08:34:59', '2018-10-24 08:34:59', 0),
(1926, 8, NULL, NULL, NULL, 'A-8', 0, '2018-10-24 08:34:59', '2018-10-24 08:34:59', 0),
(1927, 8, NULL, NULL, NULL, 'A-9', 0, '2018-10-24 08:34:59', '2018-10-24 08:34:59', 0),
(1928, 8, NULL, NULL, NULL, 'A-10', 0, '2018-10-24 08:34:59', '2018-10-24 08:34:59', 0),
(1929, 8, NULL, NULL, NULL, 'A-11', 0, '2018-10-24 08:34:59', '2018-10-24 08:34:59', 0),
(1930, 8, NULL, NULL, NULL, 'A-12', 0, '2018-10-24 08:34:59', '2018-10-24 08:34:59', 0),
(1931, 8, NULL, NULL, NULL, 'A-13', 0, '2018-10-24 08:34:59', '2018-10-24 08:34:59', 0),
(1932, 8, NULL, NULL, NULL, 'A-14', 0, '2018-10-24 08:34:59', '2018-10-24 08:34:59', 0),
(1933, 8, NULL, NULL, NULL, 'A-15', 0, '2018-10-24 08:34:59', '2018-10-24 08:34:59', 0),
(1934, 8, NULL, NULL, NULL, 'A-16', 0, '2018-10-24 08:34:59', '2018-10-24 08:34:59', 0),
(1935, 8, NULL, NULL, NULL, 'A-17', 0, '2018-10-24 08:34:59', '2018-10-24 08:34:59', 0),
(1936, 8, NULL, NULL, NULL, 'A-18', 0, '2018-10-24 08:34:59', '2018-10-24 08:34:59', 0),
(1937, 8, NULL, NULL, NULL, 'A-19', 0, '2018-10-24 08:34:59', '2018-10-24 08:34:59', 0),
(1938, 8, NULL, NULL, NULL, 'A-20', 0, '2018-10-24 08:34:59', '2018-10-24 08:34:59', 0),
(1939, 8, NULL, NULL, NULL, 'A-21', 0, '2018-10-24 08:34:59', '2018-10-24 08:34:59', 0),
(1940, 8, NULL, NULL, NULL, 'A-22', 0, '2018-10-24 08:34:59', '2018-10-24 08:34:59', 0),
(1941, 8, NULL, NULL, NULL, 'A-23', 0, '2018-10-24 08:34:59', '2018-10-24 08:34:59', 0),
(1942, 8, NULL, NULL, NULL, 'A-24', 0, '2018-10-24 08:34:59', '2018-10-24 08:34:59', 0),
(1943, 8, NULL, NULL, NULL, 'A-25', 0, '2018-10-24 08:34:59', '2018-10-24 08:34:59', 0),
(1944, 8, NULL, NULL, NULL, 'A-26', 0, '2018-10-24 08:34:59', '2018-10-24 08:34:59', 0),
(1945, 8, NULL, NULL, NULL, 'A-27', 0, '2018-10-24 08:34:59', '2018-10-24 08:34:59', 0),
(1946, 8, NULL, NULL, NULL, 'A-28', 0, '2018-10-24 08:34:59', '2018-10-24 08:34:59', 0),
(1947, 8, NULL, NULL, NULL, 'A-29', 0, '2018-10-24 08:34:59', '2018-10-24 08:34:59', 0),
(1948, 8, NULL, NULL, NULL, 'A-30', 0, '2018-10-24 08:34:59', '2018-10-24 08:34:59', 0),
(1949, 8, NULL, NULL, NULL, 'A-31', 0, '2018-10-24 08:34:59', '2018-10-24 08:34:59', 0),
(1950, 8, NULL, NULL, NULL, 'A-32', 0, '2018-10-24 08:34:59', '2018-10-24 08:34:59', 0),
(1951, 8, NULL, NULL, NULL, 'A-33', 0, '2018-10-24 08:34:59', '2018-10-24 08:34:59', 0),
(1952, 8, NULL, NULL, NULL, 'A-34', 0, '2018-10-24 08:34:59', '2018-10-24 08:34:59', 0),
(1953, 8, NULL, NULL, NULL, 'A-35', 0, '2018-10-24 08:34:59', '2018-10-24 08:34:59', 0),
(1954, 8, NULL, NULL, NULL, 'A-36', 0, '2018-10-24 08:34:59', '2018-10-24 08:34:59', 0),
(1955, 8, NULL, NULL, NULL, 'A-37', 0, '2018-10-24 08:34:59', '2018-10-24 08:34:59', 0),
(1956, 8, NULL, NULL, NULL, 'A-38', 0, '2018-10-24 08:34:59', '2018-10-24 08:34:59', 0),
(1957, 8, NULL, NULL, NULL, 'A-39', 0, '2018-10-24 08:34:59', '2018-10-24 08:34:59', 0),
(1958, 8, NULL, NULL, NULL, 'A-40', 0, '2018-10-24 08:34:59', '2018-10-24 08:34:59', 0),
(1959, 8, NULL, NULL, NULL, 'A-41', 0, '2018-10-24 08:34:59', '2018-10-24 08:34:59', 0),
(1960, 8, NULL, NULL, NULL, 'A-42', 0, '2018-10-24 08:34:59', '2018-10-24 08:34:59', 0),
(1961, 8, NULL, NULL, NULL, 'A-43', 0, '2018-10-24 08:34:59', '2018-10-24 08:34:59', 0),
(1962, 8, NULL, NULL, NULL, 'A-44', 0, '2018-10-24 08:34:59', '2018-10-24 08:34:59', 0),
(1963, 8, NULL, NULL, NULL, 'A-45', 0, '2018-10-24 08:34:59', '2018-10-24 08:34:59', 0),
(1964, 8, NULL, NULL, NULL, 'A-46', 0, '2018-10-24 08:34:59', '2018-10-24 08:34:59', 0),
(2023, 10, NULL, NULL, NULL, 'A-1', 0, '2018-10-24 08:35:12', '2018-10-24 08:35:12', 0),
(2024, 10, NULL, NULL, NULL, 'A-2', 0, '2018-10-24 08:35:12', '2018-10-24 08:35:12', 0),
(2025, 10, NULL, NULL, NULL, 'A-3', 0, '2018-10-24 08:35:12', '2018-10-24 08:35:12', 0),
(2026, 10, NULL, NULL, NULL, 'A-4', 0, '2018-10-24 08:35:12', '2018-10-24 08:35:12', 0),
(2027, 10, NULL, NULL, NULL, 'A-5', 0, '2018-10-24 08:35:12', '2018-10-24 08:35:12', 0),
(2028, 10, NULL, NULL, NULL, 'A-6', 0, '2018-10-24 08:35:12', '2018-10-24 08:35:12', 0),
(2029, 10, NULL, NULL, NULL, 'A-7', 0, '2018-10-24 08:35:12', '2018-10-24 08:35:12', 0),
(2030, 10, NULL, NULL, NULL, 'A-8', 0, '2018-10-24 08:35:12', '2018-10-24 08:35:12', 0),
(2031, 10, NULL, NULL, NULL, 'A-9', 0, '2018-10-24 08:35:12', '2018-10-24 08:35:12', 0),
(2032, 10, NULL, NULL, NULL, 'A-10', 0, '2018-10-24 08:35:12', '2018-10-24 08:35:12', 0),
(2033, 10, NULL, NULL, NULL, 'A-11', 0, '2018-10-24 08:35:12', '2018-10-24 08:35:12', 0),
(2034, 10, NULL, NULL, NULL, 'A-12', 0, '2018-10-24 08:35:12', '2018-10-24 08:35:12', 0),
(2035, 10, NULL, NULL, NULL, 'A-13', 0, '2018-10-24 08:35:12', '2018-10-24 08:35:12', 0),
(2036, 10, NULL, NULL, NULL, 'A-14', 0, '2018-10-24 08:35:12', '2018-10-24 08:35:12', 0),
(2037, 10, NULL, NULL, NULL, 'A-15', 0, '2018-10-24 08:35:12', '2018-10-24 08:35:12', 0),
(2038, 10, NULL, NULL, NULL, 'A-16', 0, '2018-10-24 08:35:12', '2018-10-24 08:35:12', 0),
(2039, 10, NULL, NULL, NULL, 'A-17', 0, '2018-10-24 08:35:12', '2018-10-24 08:35:12', 0),
(2040, 10, NULL, NULL, NULL, 'A-18', 0, '2018-10-24 08:35:12', '2018-10-24 08:35:12', 0),
(2041, 10, NULL, NULL, NULL, 'A-19', 0, '2018-10-24 08:35:12', '2018-10-24 08:35:12', 0),
(2042, 10, NULL, NULL, NULL, 'A-20', 0, '2018-10-24 08:35:12', '2018-10-24 08:35:12', 0),
(2043, 10, NULL, NULL, NULL, 'A-21', 0, '2018-10-24 08:35:12', '2018-10-24 08:35:12', 0),
(2044, 10, NULL, NULL, NULL, 'A-22', 0, '2018-10-24 08:35:12', '2018-10-24 08:35:12', 0),
(2045, 10, NULL, NULL, NULL, 'A-23', 0, '2018-10-24 08:35:12', '2018-10-24 08:35:12', 0),
(2046, 10, NULL, NULL, NULL, 'A-24', 0, '2018-10-24 08:35:12', '2018-10-24 08:35:12', 0),
(2047, 10, NULL, NULL, NULL, 'A-25', 0, '2018-10-24 08:35:12', '2018-10-24 08:35:12', 0),
(2048, 10, NULL, NULL, NULL, 'A-26', 0, '2018-10-24 08:35:12', '2018-10-24 08:35:12', 0),
(2049, 10, NULL, 12, NULL, 'A-27', 1, '2018-10-24 08:35:12', '2018-10-24 08:35:12', 0),
(2050, 10, NULL, NULL, NULL, 'A-28', 0, '2018-10-24 08:35:12', '2018-10-24 08:35:12', 0),
(2051, 10, NULL, NULL, NULL, 'A-29', 0, '2018-10-24 08:35:12', '2018-10-24 08:35:12', 0),
(2052, 10, NULL, NULL, NULL, 'A-30', 0, '2018-10-24 08:35:12', '2018-10-24 08:35:12', 0),
(2053, 10, NULL, NULL, NULL, 'A-31', 0, '2018-10-24 08:35:12', '2018-10-24 08:35:12', 0),
(2054, 10, NULL, NULL, NULL, 'A-32', 0, '2018-10-24 08:35:12', '2018-10-24 08:35:12', 0),
(2055, 10, NULL, NULL, NULL, 'A-33', 0, '2018-10-24 08:35:12', '2018-10-24 08:35:12', 0),
(2056, 10, NULL, NULL, NULL, 'A-34', 0, '2018-10-24 08:35:12', '2018-10-24 08:35:12', 0),
(2057, 10, NULL, NULL, NULL, 'A-35', 0, '2018-10-24 08:35:12', '2018-10-24 08:35:12', 0),
(2058, 10, NULL, NULL, NULL, 'A-36', 0, '2018-10-24 08:35:12', '2018-10-24 08:35:12', 0),
(2059, 10, NULL, NULL, NULL, 'A-37', 0, '2018-10-24 08:35:12', '2018-10-24 08:35:12', 0),
(2060, 10, NULL, NULL, NULL, 'A-38', 0, '2018-10-24 08:35:12', '2018-10-24 08:35:12', 0),
(2061, 10, NULL, NULL, NULL, 'A-39', 0, '2018-10-24 08:35:12', '2018-10-24 08:35:12', 0),
(2062, 10, NULL, NULL, NULL, 'A-40', 0, '2018-10-24 08:35:12', '2018-10-24 08:35:12', 0),
(2063, 10, NULL, NULL, NULL, 'A-41', 0, '2018-10-24 08:35:12', '2018-10-24 08:35:12', 0),
(2064, 10, NULL, NULL, NULL, 'A-42', 0, '2018-10-24 08:35:12', '2018-10-24 08:35:12', 0),
(2065, 10, NULL, NULL, NULL, 'A-43', 0, '2018-10-24 08:35:12', '2018-10-24 08:35:12', 0),
(2066, 10, NULL, NULL, NULL, 'A-44', 0, '2018-10-24 08:35:12', '2018-10-24 08:35:12', 0),
(2067, 10, NULL, NULL, NULL, 'A-45', 0, '2018-10-24 08:35:12', '2018-10-24 08:35:12', 0),
(2068, 10, NULL, NULL, NULL, 'A-46', 0, '2018-10-24 08:35:12', '2018-10-24 08:35:12', 0),
(2127, 11, NULL, NULL, NULL, 'A-1', 0, '2018-10-24 08:36:01', '2018-10-24 08:36:01', 0),
(2128, 11, NULL, NULL, NULL, 'A-2', 0, '2018-10-24 08:36:01', '2018-10-24 08:36:01', 0),
(2129, 11, NULL, NULL, NULL, 'A-3', 0, '2018-10-24 08:36:01', '2018-10-24 08:36:01', 0),
(2130, 11, NULL, NULL, NULL, 'A-4', 0, '2018-10-24 08:36:01', '2018-10-24 08:36:01', 0),
(2131, 11, NULL, NULL, NULL, 'A-5', 0, '2018-10-24 08:36:01', '2018-10-24 08:36:01', 0),
(2132, 11, NULL, NULL, NULL, 'A-6', 0, '2018-10-24 08:36:01', '2018-10-24 08:36:01', 0),
(2133, 11, NULL, NULL, NULL, 'A-7', 0, '2018-10-24 08:36:01', '2018-10-24 08:36:01', 0),
(2134, 11, NULL, NULL, NULL, 'A-8', 0, '2018-10-24 08:36:01', '2018-10-24 08:36:01', 0),
(2135, 11, NULL, NULL, NULL, 'A-9', 0, '2018-10-24 08:36:01', '2018-10-24 08:36:01', 0),
(2136, 11, NULL, NULL, NULL, 'A-10', 0, '2018-10-24 08:36:01', '2018-10-24 08:36:01', 0),
(2137, 11, NULL, NULL, NULL, 'A-11', 0, '2018-10-24 08:36:01', '2018-10-24 08:36:01', 0),
(2138, 11, NULL, NULL, NULL, 'A-12', 0, '2018-10-24 08:36:01', '2018-10-24 08:36:01', 0),
(2139, 11, NULL, NULL, NULL, 'A-13', 0, '2018-10-24 08:36:01', '2018-10-24 08:36:01', 0),
(2140, 11, NULL, NULL, NULL, 'A-14', 0, '2018-10-24 08:36:01', '2018-10-24 08:36:01', 0),
(2141, 11, NULL, NULL, NULL, 'A-15', 0, '2018-10-24 08:36:01', '2018-10-24 08:36:01', 0),
(2142, 11, NULL, NULL, NULL, 'A-16', 0, '2018-10-24 08:36:01', '2018-10-24 08:36:01', 0),
(2143, 11, NULL, NULL, NULL, 'A-17', 0, '2018-10-24 08:36:01', '2018-10-24 08:36:01', 0),
(2144, 11, NULL, NULL, NULL, 'A-18', 0, '2018-10-24 08:36:01', '2018-10-24 08:36:01', 0),
(2145, 11, NULL, NULL, NULL, 'A-19', 0, '2018-10-24 08:36:01', '2018-10-24 08:36:01', 0),
(2146, 11, NULL, NULL, NULL, 'A-20', 0, '2018-10-24 08:36:01', '2018-10-24 08:36:01', 0),
(2147, 11, NULL, NULL, NULL, 'A-21', 0, '2018-10-24 08:36:01', '2018-10-24 08:36:01', 0),
(2148, 11, NULL, NULL, NULL, 'A-22', 0, '2018-10-24 08:36:01', '2018-10-24 08:36:01', 0),
(2149, 11, NULL, NULL, NULL, 'A-23', 0, '2018-10-24 08:36:01', '2018-10-24 08:36:01', 0),
(2150, 11, NULL, NULL, NULL, 'A-24', 0, '2018-10-24 08:36:01', '2018-10-24 08:36:01', 0),
(2151, 11, NULL, NULL, NULL, 'A-25', 0, '2018-10-24 08:36:01', '2018-10-24 08:36:01', 0),
(2152, 11, NULL, NULL, NULL, 'A-26', 0, '2018-10-24 08:36:01', '2018-10-24 08:36:01', 0),
(2153, 11, NULL, NULL, NULL, 'A-27', 0, '2018-10-24 08:36:01', '2018-10-24 08:36:01', 0),
(2154, 11, NULL, NULL, NULL, 'A-28', 0, '2018-10-24 08:36:01', '2018-10-24 08:36:01', 0),
(2155, 11, NULL, NULL, NULL, 'A-29', 0, '2018-10-24 08:36:01', '2018-10-24 08:36:01', 0),
(2156, 11, NULL, NULL, NULL, 'A-30', 0, '2018-10-24 08:36:01', '2018-10-24 08:36:01', 0),
(2157, 11, NULL, NULL, NULL, 'A-31', 0, '2018-10-24 08:36:01', '2018-10-24 08:36:01', 0),
(2158, 11, NULL, NULL, NULL, 'A-32', 0, '2018-10-24 08:36:01', '2018-10-24 08:36:01', 0),
(2159, 11, NULL, NULL, NULL, 'A-33', 0, '2018-10-24 08:36:01', '2018-10-24 08:36:01', 0),
(2160, 11, NULL, NULL, NULL, 'A-34', 0, '2018-10-24 08:36:01', '2018-10-24 08:36:01', 0),
(2161, 11, NULL, NULL, NULL, 'A-35', 0, '2018-10-24 08:36:01', '2018-10-24 08:36:01', 0),
(2162, 11, NULL, NULL, NULL, 'A-36', 0, '2018-10-24 08:36:01', '2018-10-24 08:36:01', 0),
(2163, 11, NULL, NULL, NULL, 'A-37', 0, '2018-10-24 08:36:01', '2018-10-24 08:36:01', 0),
(2164, 11, NULL, NULL, NULL, 'A-38', 0, '2018-10-24 08:36:01', '2018-10-24 08:36:01', 0),
(2165, 11, NULL, NULL, NULL, 'A-39', 0, '2018-10-24 08:36:01', '2018-10-24 08:36:01', 0),
(2166, 11, NULL, NULL, NULL, 'A-40', 0, '2018-10-24 08:36:01', '2018-10-24 08:36:01', 0),
(2167, 11, NULL, NULL, NULL, 'A-41', 0, '2018-10-24 08:36:01', '2018-10-24 08:36:01', 0),
(2168, 11, NULL, NULL, NULL, 'A-42', 0, '2018-10-24 08:36:01', '2018-10-24 08:36:01', 0),
(2169, 11, NULL, NULL, NULL, 'A-43', 0, '2018-10-24 08:36:01', '2018-10-24 08:36:01', 0),
(2170, 11, NULL, NULL, NULL, 'A-44', 0, '2018-10-24 08:36:01', '2018-10-24 08:36:01', 0),
(2171, 11, NULL, NULL, NULL, 'A-45', 0, '2018-10-24 08:36:01', '2018-10-24 08:36:01', 0),
(2172, 11, NULL, NULL, NULL, 'A-46', 0, '2018-10-24 08:36:01', '2018-10-24 08:36:01', 0),
(2231, 12, NULL, NULL, NULL, 'A-1', 0, '2018-10-24 08:36:40', '2018-10-24 08:36:40', 0),
(2232, 12, NULL, NULL, NULL, 'A-2', 0, '2018-10-24 08:36:40', '2018-10-24 08:36:40', 0),
(2233, 12, NULL, NULL, NULL, 'A-3', 0, '2018-10-24 08:36:40', '2018-10-24 08:36:40', 0),
(2234, 12, NULL, NULL, NULL, 'A-4', 0, '2018-10-24 08:36:40', '2018-10-24 08:36:40', 0),
(2235, 12, NULL, NULL, NULL, 'A-5', 0, '2018-10-24 08:36:40', '2018-10-24 08:36:40', 0),
(2236, 12, NULL, NULL, NULL, 'A-6', 0, '2018-10-24 08:36:40', '2018-10-24 08:36:40', 0),
(2237, 12, NULL, NULL, NULL, 'A-7', 0, '2018-10-24 08:36:40', '2018-10-24 08:36:40', 0),
(2238, 12, NULL, NULL, NULL, 'A-8', 0, '2018-10-24 08:36:40', '2018-10-24 08:36:40', 0),
(2239, 12, NULL, NULL, NULL, 'A-9', 0, '2018-10-24 08:36:40', '2018-10-24 08:36:40', 0),
(2240, 12, NULL, NULL, NULL, 'A-10', 0, '2018-10-24 08:36:40', '2018-10-24 08:36:40', 0),
(2241, 12, NULL, NULL, NULL, 'A-11', 0, '2018-10-24 08:36:40', '2018-10-24 08:36:40', 0),
(2242, 12, NULL, NULL, NULL, 'A-12', 0, '2018-10-24 08:36:40', '2018-10-24 08:36:40', 0),
(2243, 12, NULL, NULL, NULL, 'A-13', 0, '2018-10-24 08:36:40', '2018-10-24 08:36:40', 0),
(2244, 12, NULL, NULL, NULL, 'A-14', 0, '2018-10-24 08:36:40', '2018-10-24 08:36:40', 0),
(2245, 12, NULL, NULL, NULL, 'A-15', 0, '2018-10-24 08:36:40', '2018-10-24 08:36:40', 0),
(2246, 12, NULL, NULL, NULL, 'A-16', 0, '2018-10-24 08:36:40', '2018-10-24 08:36:40', 0),
(2247, 12, NULL, NULL, NULL, 'A-17', 0, '2018-10-24 08:36:40', '2018-10-24 08:36:40', 0),
(2248, 12, NULL, NULL, NULL, 'A-18', 0, '2018-10-24 08:36:40', '2018-10-24 08:36:40', 0),
(2249, 12, NULL, NULL, NULL, 'A-19', 0, '2018-10-24 08:36:40', '2018-10-24 08:36:40', 0),
(2250, 12, NULL, NULL, NULL, 'A-20', 0, '2018-10-24 08:36:40', '2018-10-24 08:36:40', 0),
(2251, 12, NULL, NULL, NULL, 'A-21', 0, '2018-10-24 08:36:40', '2018-10-24 08:36:40', 0);
INSERT INTO `ve` (`Mã`, `Mã_chuyến_xe`, `Mã_nhân_viên_đặt`, `Mã_khách_hàng`, `Sđt_khách_hàng`, `Vị_trí_ghế`, `Trạng_thái`, `created_at`, `updated_at`, `is_hide`) VALUES
(2252, 12, NULL, NULL, NULL, 'A-22', 0, '2018-10-24 08:36:40', '2018-10-24 08:36:40', 0),
(2253, 12, NULL, NULL, NULL, 'A-23', 0, '2018-10-24 08:36:40', '2018-10-24 08:36:40', 0),
(2254, 12, NULL, NULL, NULL, 'A-24', 0, '2018-10-24 08:36:40', '2018-10-24 08:36:40', 0),
(2255, 12, NULL, NULL, NULL, 'A-25', 0, '2018-10-24 08:36:40', '2018-10-24 08:36:40', 0),
(2256, 12, NULL, NULL, NULL, 'A-26', 0, '2018-10-24 08:36:40', '2018-10-24 08:36:40', 0),
(2257, 12, NULL, NULL, NULL, 'A-27', 0, '2018-10-24 08:36:40', '2018-10-24 08:36:40', 0),
(2258, 12, NULL, NULL, NULL, 'A-28', 0, '2018-10-24 08:36:40', '2018-10-24 08:36:40', 0),
(2259, 12, NULL, NULL, NULL, 'A-29', 0, '2018-10-24 08:36:40', '2018-10-24 08:36:40', 0),
(2260, 12, NULL, NULL, NULL, 'A-30', 0, '2018-10-24 08:36:40', '2018-10-24 08:36:40', 0),
(2261, 12, NULL, NULL, NULL, 'A-31', 0, '2018-10-24 08:36:40', '2018-10-24 08:36:40', 0),
(2262, 12, NULL, NULL, NULL, 'A-32', 0, '2018-10-24 08:36:40', '2018-10-24 08:36:40', 0),
(2263, 12, NULL, NULL, NULL, 'A-33', 0, '2018-10-24 08:36:40', '2018-10-24 08:36:40', 0),
(2264, 12, NULL, NULL, NULL, 'A-34', 0, '2018-10-24 08:36:40', '2018-10-24 08:36:40', 0),
(2265, 12, NULL, NULL, NULL, 'A-35', 0, '2018-10-24 08:36:40', '2018-10-24 08:36:40', 0),
(2266, 12, NULL, NULL, NULL, 'A-36', 0, '2018-10-24 08:36:40', '2018-10-24 08:36:40', 0),
(2267, 12, NULL, NULL, NULL, 'A-37', 0, '2018-10-24 08:36:40', '2018-10-24 08:36:40', 0),
(2268, 12, NULL, NULL, NULL, 'A-38', 0, '2018-10-24 08:36:40', '2018-10-24 08:36:40', 0),
(2269, 12, NULL, NULL, NULL, 'A-39', 0, '2018-10-24 08:36:40', '2018-10-24 08:36:40', 0),
(2270, 12, NULL, NULL, NULL, 'A-40', 0, '2018-10-24 08:36:40', '2018-10-24 08:36:40', 0),
(2271, 12, NULL, NULL, NULL, 'A-41', 0, '2018-10-24 08:36:40', '2018-10-24 08:36:40', 0),
(2272, 12, NULL, NULL, NULL, 'A-42', 0, '2018-10-24 08:36:40', '2018-10-24 08:36:40', 0),
(2273, 12, NULL, NULL, NULL, 'A-43', 0, '2018-10-24 08:36:40', '2018-10-24 08:36:40', 0),
(2274, 12, NULL, NULL, NULL, 'A-44', 0, '2018-10-24 08:36:40', '2018-10-24 08:36:40', 0),
(2275, 12, NULL, NULL, NULL, 'A-45', 0, '2018-10-24 08:36:40', '2018-10-24 08:36:40', 0),
(2276, 12, NULL, NULL, NULL, 'A-46', 0, '2018-10-24 08:36:40', '2018-10-24 08:36:40', 0),
(2335, 14, NULL, NULL, NULL, 'A-1', 0, '2018-10-24 08:36:50', '2018-10-24 08:36:50', 0),
(2336, 14, NULL, NULL, NULL, 'A-2', 0, '2018-10-24 08:36:50', '2018-10-24 08:36:50', 0),
(2337, 14, NULL, NULL, NULL, 'A-3', 0, '2018-10-24 08:36:50', '2018-10-24 08:36:50', 0),
(2338, 14, NULL, NULL, NULL, 'A-4', 0, '2018-10-24 08:36:50', '2018-10-24 08:36:50', 0),
(2339, 14, NULL, NULL, NULL, 'A-5', 0, '2018-10-24 08:36:50', '2018-10-24 08:36:50', 0),
(2340, 14, NULL, NULL, NULL, 'A-6', 0, '2018-10-24 08:36:50', '2018-10-24 08:36:50', 0),
(2341, 14, NULL, NULL, NULL, 'A-7', 0, '2018-10-24 08:36:50', '2018-10-24 08:36:50', 0),
(2342, 14, NULL, NULL, NULL, 'A-8', 0, '2018-10-24 08:36:50', '2018-10-24 08:36:50', 0),
(2343, 14, NULL, NULL, NULL, 'A-9', 0, '2018-10-24 08:36:50', '2018-10-24 08:36:50', 0),
(2344, 14, NULL, NULL, NULL, 'A-10', 0, '2018-10-24 08:36:50', '2018-10-24 08:36:50', 0),
(2345, 14, NULL, NULL, NULL, 'A-11', 0, '2018-10-24 08:36:50', '2018-10-24 08:36:50', 0),
(2346, 14, NULL, NULL, NULL, 'A-12', 0, '2018-10-24 08:36:50', '2018-10-24 08:36:50', 0),
(2347, 14, NULL, NULL, NULL, 'A-13', 0, '2018-10-24 08:36:50', '2018-10-24 08:36:50', 0),
(2348, 14, NULL, NULL, NULL, 'A-14', 0, '2018-10-24 08:36:50', '2018-10-24 08:36:50', 0),
(2349, 14, NULL, NULL, NULL, 'A-15', 0, '2018-10-24 08:36:50', '2018-10-24 08:36:50', 0),
(2350, 14, NULL, NULL, NULL, 'A-16', 0, '2018-10-24 08:36:50', '2018-10-24 08:36:50', 0),
(2351, 14, NULL, NULL, NULL, 'A-17', 0, '2018-10-24 08:36:50', '2018-10-24 08:36:50', 0),
(2352, 14, NULL, NULL, NULL, 'A-18', 0, '2018-10-24 08:36:50', '2018-10-24 08:36:50', 0),
(2353, 14, NULL, NULL, NULL, 'A-19', 0, '2018-10-24 08:36:50', '2018-10-24 08:36:50', 0),
(2354, 14, NULL, NULL, NULL, 'A-20', 0, '2018-10-24 08:36:50', '2018-10-24 08:36:50', 0),
(2355, 14, NULL, NULL, NULL, 'A-21', 0, '2018-10-24 08:36:50', '2018-10-24 08:36:50', 0),
(2356, 14, NULL, NULL, NULL, 'A-22', 0, '2018-10-24 08:36:50', '2018-10-24 08:36:50', 0),
(2357, 14, NULL, NULL, NULL, 'A-23', 0, '2018-10-24 08:36:50', '2018-10-24 08:36:50', 0),
(2358, 14, NULL, NULL, NULL, 'A-24', 0, '2018-10-24 08:36:50', '2018-10-24 08:36:50', 0),
(2359, 14, NULL, NULL, NULL, 'A-25', 0, '2018-10-24 08:36:50', '2018-10-24 08:36:50', 0),
(2360, 14, NULL, NULL, NULL, 'A-26', 0, '2018-10-24 08:36:50', '2018-10-24 08:36:50', 0),
(2361, 14, NULL, NULL, NULL, 'A-27', 0, '2018-10-24 08:36:50', '2018-10-24 08:36:50', 0),
(2362, 14, NULL, NULL, NULL, 'A-28', 0, '2018-10-24 08:36:50', '2018-10-24 08:36:50', 0),
(2363, 14, NULL, NULL, NULL, 'A-29', 0, '2018-10-24 08:36:50', '2018-10-24 08:36:50', 0),
(2364, 14, NULL, NULL, NULL, 'A-30', 0, '2018-10-24 08:36:50', '2018-10-24 08:36:50', 0),
(2365, 14, NULL, NULL, NULL, 'A-31', 0, '2018-10-24 08:36:50', '2018-10-24 08:36:50', 0),
(2366, 14, NULL, NULL, NULL, 'A-32', 0, '2018-10-24 08:36:50', '2018-10-24 08:36:50', 0),
(2367, 14, NULL, NULL, NULL, 'A-33', 0, '2018-10-24 08:36:50', '2018-10-24 08:36:50', 0),
(2368, 14, NULL, NULL, NULL, 'A-34', 0, '2018-10-24 08:36:50', '2018-10-24 08:36:50', 0),
(2369, 14, NULL, NULL, NULL, 'A-35', 0, '2018-10-24 08:36:50', '2018-10-24 08:36:50', 0),
(2370, 14, NULL, NULL, NULL, 'A-36', 0, '2018-10-24 08:36:50', '2018-10-24 08:36:50', 0),
(2371, 14, NULL, NULL, NULL, 'A-37', 0, '2018-10-24 08:36:50', '2018-10-24 08:36:50', 0),
(2372, 14, NULL, NULL, NULL, 'A-38', 0, '2018-10-24 08:36:50', '2018-10-24 08:36:50', 0),
(2373, 14, NULL, NULL, NULL, 'A-39', 0, '2018-10-24 08:36:50', '2018-10-24 08:36:50', 0),
(2374, 14, NULL, NULL, NULL, 'A-40', 0, '2018-10-24 08:36:50', '2018-10-24 08:36:50', 0),
(2375, 14, NULL, NULL, NULL, 'A-41', 0, '2018-10-24 08:36:50', '2018-10-24 08:36:50', 0),
(2376, 14, NULL, NULL, NULL, 'A-42', 0, '2018-10-24 08:36:50', '2018-10-24 08:36:50', 0),
(2377, 14, NULL, NULL, NULL, 'A-43', 0, '2018-10-24 08:36:50', '2018-10-24 08:36:50', 0),
(2378, 14, NULL, NULL, NULL, 'A-44', 0, '2018-10-24 08:36:50', '2018-10-24 08:36:50', 0),
(2379, 14, NULL, NULL, NULL, 'A-45', 0, '2018-10-24 08:36:50', '2018-10-24 08:36:50', 0),
(2380, 14, NULL, NULL, NULL, 'A-46', 0, '2018-10-24 08:36:50', '2018-10-24 08:36:50', 0),
(2439, 15, NULL, NULL, NULL, 'A-1', 0, '2018-10-24 08:37:10', '2018-10-24 08:37:10', 0),
(2440, 15, NULL, NULL, NULL, 'A-2', 0, '2018-10-24 08:37:10', '2018-10-24 08:37:10', 0),
(2441, 15, NULL, NULL, NULL, 'A-3', 0, '2018-10-24 08:37:10', '2018-10-24 08:37:10', 0),
(2442, 15, NULL, NULL, NULL, 'A-4', 0, '2018-10-24 08:37:10', '2018-10-24 08:37:10', 0),
(2443, 15, NULL, NULL, NULL, 'A-5', 0, '2018-10-24 08:37:10', '2018-10-24 08:37:10', 0),
(2444, 15, NULL, NULL, NULL, 'A-6', 0, '2018-10-24 08:37:10', '2018-10-24 08:37:10', 0),
(2445, 15, NULL, NULL, NULL, 'A-7', 0, '2018-10-24 08:37:10', '2018-10-24 08:37:10', 0),
(2446, 15, NULL, NULL, NULL, 'A-8', 0, '2018-10-24 08:37:10', '2018-10-24 08:37:10', 0),
(2447, 15, NULL, NULL, NULL, 'A-9', 0, '2018-10-24 08:37:10', '2018-10-24 08:37:10', 0),
(2448, 15, NULL, NULL, NULL, 'A-10', 0, '2018-10-24 08:37:10', '2018-10-24 08:37:10', 0),
(2449, 15, NULL, NULL, NULL, 'A-11', 0, '2018-10-24 08:37:10', '2018-10-24 08:37:10', 0),
(2450, 15, NULL, NULL, NULL, 'A-12', 0, '2018-10-24 08:37:10', '2018-10-24 08:37:10', 0),
(2451, 15, NULL, NULL, NULL, 'A-13', 0, '2018-10-24 08:37:10', '2018-10-24 08:37:10', 0),
(2452, 15, NULL, NULL, NULL, 'A-14', 0, '2018-10-24 08:37:10', '2018-10-24 08:37:10', 0),
(2453, 15, NULL, NULL, NULL, 'A-15', 0, '2018-10-24 08:37:10', '2018-10-24 08:37:10', 0),
(2454, 15, NULL, NULL, NULL, 'A-16', 0, '2018-10-24 08:37:10', '2018-10-24 08:37:10', 0),
(2455, 15, NULL, NULL, NULL, 'A-17', 0, '2018-10-24 08:37:10', '2018-10-24 08:37:10', 0),
(2456, 15, NULL, NULL, NULL, 'A-18', 0, '2018-10-24 08:37:10', '2018-10-24 08:37:10', 0),
(2457, 15, NULL, NULL, NULL, 'A-19', 0, '2018-10-24 08:37:10', '2018-10-24 08:37:10', 0),
(2458, 15, NULL, NULL, NULL, 'A-20', 0, '2018-10-24 08:37:10', '2018-10-24 08:37:10', 0),
(2459, 15, NULL, NULL, NULL, 'A-21', 0, '2018-10-24 08:37:10', '2018-10-24 08:37:10', 0),
(2460, 15, NULL, NULL, NULL, 'A-22', 0, '2018-10-24 08:37:10', '2018-10-24 08:37:10', 0),
(2461, 15, NULL, NULL, NULL, 'A-23', 0, '2018-10-24 08:37:10', '2018-10-24 08:37:10', 0),
(2462, 15, NULL, NULL, NULL, 'A-24', 0, '2018-10-24 08:37:10', '2018-10-24 08:37:10', 0),
(2463, 15, NULL, NULL, NULL, 'A-25', 0, '2018-10-24 08:37:10', '2018-10-24 08:37:10', 0),
(2464, 15, NULL, NULL, NULL, 'A-26', 0, '2018-10-24 08:37:10', '2018-10-24 08:37:10', 0),
(2465, 15, NULL, NULL, NULL, 'A-27', 0, '2018-10-24 08:37:10', '2018-10-24 08:37:10', 0),
(2466, 15, NULL, NULL, NULL, 'A-28', 0, '2018-10-24 08:37:10', '2018-10-24 08:37:10', 0),
(2467, 15, NULL, NULL, NULL, 'A-29', 0, '2018-10-24 08:37:10', '2018-10-24 08:37:10', 0),
(2468, 15, NULL, NULL, NULL, 'A-30', 0, '2018-10-24 08:37:10', '2018-10-24 08:37:10', 0),
(2469, 15, NULL, NULL, NULL, 'A-31', 0, '2018-10-24 08:37:10', '2018-10-24 08:37:10', 0),
(2470, 15, NULL, NULL, NULL, 'A-32', 0, '2018-10-24 08:37:10', '2018-10-24 08:37:10', 0),
(2471, 15, NULL, NULL, NULL, 'A-33', 0, '2018-10-24 08:37:10', '2018-10-24 08:37:10', 0),
(2472, 15, NULL, NULL, NULL, 'A-34', 0, '2018-10-24 08:37:10', '2018-10-24 08:37:10', 0),
(2473, 15, NULL, NULL, NULL, 'A-35', 0, '2018-10-24 08:37:10', '2018-10-24 08:37:10', 0),
(2474, 15, NULL, NULL, NULL, 'A-36', 0, '2018-10-24 08:37:10', '2018-10-24 08:37:10', 0),
(2475, 15, NULL, NULL, NULL, 'A-37', 0, '2018-10-24 08:37:10', '2018-10-24 08:37:10', 0),
(2476, 15, NULL, NULL, NULL, 'A-38', 0, '2018-10-24 08:37:10', '2018-10-24 08:37:10', 0),
(2477, 15, NULL, NULL, NULL, 'A-39', 0, '2018-10-24 08:37:10', '2018-10-24 08:37:10', 0),
(2478, 15, NULL, NULL, NULL, 'A-40', 0, '2018-10-24 08:37:10', '2018-10-24 08:37:10', 0),
(2479, 15, NULL, NULL, NULL, 'A-41', 0, '2018-10-24 08:37:10', '2018-10-24 08:37:10', 0),
(2480, 15, NULL, NULL, NULL, 'A-42', 0, '2018-10-24 08:37:10', '2018-10-24 08:37:10', 0),
(2481, 15, NULL, NULL, NULL, 'A-43', 0, '2018-10-24 08:37:10', '2018-10-24 08:37:10', 0),
(2482, 15, NULL, NULL, NULL, 'A-44', 0, '2018-10-24 08:37:10', '2018-10-24 08:37:10', 0),
(2483, 15, NULL, NULL, NULL, 'A-45', 0, '2018-10-24 08:37:10', '2018-10-24 08:37:10', 0),
(2484, 15, NULL, NULL, NULL, 'A-46', 0, '2018-10-24 08:37:10', '2018-10-24 08:37:10', 0),
(2543, 16, NULL, NULL, NULL, 'A-1', 0, '2018-10-24 08:37:59', '2018-10-24 08:37:59', 0),
(2544, 16, NULL, NULL, NULL, 'A-2', 0, '2018-10-24 08:37:59', '2018-10-24 08:37:59', 0),
(2545, 16, NULL, NULL, NULL, 'A-3', 0, '2018-10-24 08:37:59', '2018-10-24 08:37:59', 0),
(2546, 16, NULL, NULL, NULL, 'A-4', 0, '2018-10-24 08:37:59', '2018-10-24 08:37:59', 0),
(2547, 16, NULL, NULL, NULL, 'A-5', 0, '2018-10-24 08:37:59', '2018-10-24 08:37:59', 0),
(2548, 16, NULL, NULL, NULL, 'A-6', 0, '2018-10-24 08:37:59', '2018-10-24 08:37:59', 0),
(2549, 16, NULL, NULL, NULL, 'A-7', 0, '2018-10-24 08:37:59', '2018-10-24 08:37:59', 0),
(2550, 16, NULL, NULL, NULL, 'A-8', 0, '2018-10-24 08:37:59', '2018-10-24 08:37:59', 0),
(2551, 16, NULL, NULL, NULL, 'A-9', 0, '2018-10-24 08:37:59', '2018-10-24 08:37:59', 0),
(2552, 16, NULL, NULL, NULL, 'A-10', 0, '2018-10-24 08:37:59', '2018-10-24 08:37:59', 0),
(2553, 16, NULL, NULL, NULL, 'A-11', 0, '2018-10-24 08:37:59', '2018-10-24 08:37:59', 0),
(2554, 16, NULL, NULL, NULL, 'A-12', 0, '2018-10-24 08:37:59', '2018-10-24 08:37:59', 0),
(2555, 16, NULL, NULL, NULL, 'A-13', 0, '2018-10-24 08:37:59', '2018-10-24 08:37:59', 0),
(2556, 16, NULL, NULL, NULL, 'A-14', 0, '2018-10-24 08:37:59', '2018-10-24 08:37:59', 0),
(2557, 16, NULL, NULL, NULL, 'A-15', 0, '2018-10-24 08:37:59', '2018-10-24 08:37:59', 0),
(2558, 16, NULL, NULL, NULL, 'A-16', 0, '2018-10-24 08:37:59', '2018-10-24 08:37:59', 0),
(2559, 16, NULL, NULL, NULL, 'A-17', 0, '2018-10-24 08:37:59', '2018-10-24 08:37:59', 0),
(2560, 16, NULL, NULL, NULL, 'A-18', 0, '2018-10-24 08:37:59', '2018-10-24 08:37:59', 0),
(2561, 16, NULL, NULL, NULL, 'A-19', 0, '2018-10-24 08:37:59', '2018-10-24 08:37:59', 0),
(2562, 16, NULL, NULL, NULL, 'A-20', 0, '2018-10-24 08:37:59', '2018-10-24 08:37:59', 0),
(2563, 16, NULL, NULL, NULL, 'A-21', 0, '2018-10-24 08:37:59', '2018-10-24 08:37:59', 0),
(2564, 16, NULL, NULL, NULL, 'A-22', 0, '2018-10-24 08:37:59', '2018-10-24 08:37:59', 0),
(2565, 16, NULL, NULL, NULL, 'A-23', 0, '2018-10-24 08:37:59', '2018-10-24 08:37:59', 0),
(2566, 16, NULL, NULL, NULL, 'A-24', 0, '2018-10-24 08:37:59', '2018-10-24 08:37:59', 0),
(2567, 16, NULL, NULL, NULL, 'A-25', 0, '2018-10-24 08:37:59', '2018-10-24 08:37:59', 0),
(2568, 16, NULL, NULL, NULL, 'A-26', 0, '2018-10-24 08:37:59', '2018-10-24 08:37:59', 0),
(2569, 16, NULL, NULL, NULL, 'A-27', 0, '2018-10-24 08:37:59', '2018-10-24 08:37:59', 0),
(2570, 16, NULL, NULL, NULL, 'A-28', 0, '2018-10-24 08:37:59', '2018-10-24 08:37:59', 0),
(2571, 16, NULL, NULL, NULL, 'A-29', 0, '2018-10-24 08:37:59', '2018-10-24 08:37:59', 0),
(2572, 16, NULL, NULL, NULL, 'A-30', 0, '2018-10-24 08:37:59', '2018-10-24 08:37:59', 0),
(2573, 16, NULL, NULL, NULL, 'A-31', 0, '2018-10-24 08:37:59', '2018-10-24 08:37:59', 0),
(2574, 16, NULL, NULL, NULL, 'A-32', 0, '2018-10-24 08:37:59', '2018-10-24 08:37:59', 0),
(2575, 16, NULL, NULL, NULL, 'A-33', 0, '2018-10-24 08:37:59', '2018-10-24 08:37:59', 0),
(2576, 16, NULL, NULL, NULL, 'A-34', 0, '2018-10-24 08:37:59', '2018-10-24 08:37:59', 0),
(2577, 16, NULL, NULL, NULL, 'A-35', 0, '2018-10-24 08:37:59', '2018-10-24 08:37:59', 0),
(2578, 16, NULL, NULL, NULL, 'A-36', 0, '2018-10-24 08:37:59', '2018-10-24 08:37:59', 0),
(2579, 16, NULL, NULL, NULL, 'A-37', 0, '2018-10-24 08:37:59', '2018-10-24 08:37:59', 0),
(2580, 16, NULL, NULL, NULL, 'A-38', 0, '2018-10-24 08:37:59', '2018-10-24 08:37:59', 0),
(2581, 16, NULL, NULL, NULL, 'A-39', 0, '2018-10-24 08:37:59', '2018-10-24 08:37:59', 0),
(2582, 16, NULL, NULL, NULL, 'A-40', 0, '2018-10-24 08:37:59', '2018-10-24 08:37:59', 0),
(2583, 16, NULL, NULL, NULL, 'A-41', 0, '2018-10-24 08:37:59', '2018-10-24 08:37:59', 0),
(2584, 16, NULL, NULL, NULL, 'A-42', 0, '2018-10-24 08:37:59', '2018-10-24 08:37:59', 0),
(2585, 16, NULL, NULL, NULL, 'A-43', 0, '2018-10-24 08:37:59', '2018-10-24 08:37:59', 0),
(2586, 16, NULL, NULL, NULL, 'A-44', 0, '2018-10-24 08:37:59', '2018-10-24 08:37:59', 0),
(2587, 16, NULL, NULL, NULL, 'A-45', 0, '2018-10-24 08:37:59', '2018-10-24 08:37:59', 0),
(2588, 16, NULL, NULL, NULL, 'A-46', 0, '2018-10-24 08:37:59', '2018-10-24 08:37:59', 0),
(2647, 17, NULL, NULL, NULL, 'A-1', 0, '2018-10-24 08:38:15', '2018-10-24 08:38:15', 0),
(2648, 17, NULL, NULL, NULL, 'A-2', 0, '2018-10-24 08:38:15', '2018-10-24 08:38:15', 0),
(2649, 17, NULL, NULL, NULL, 'A-3', 0, '2018-10-24 08:38:15', '2018-10-24 08:38:15', 0),
(2650, 17, NULL, NULL, NULL, 'A-4', 0, '2018-10-24 08:38:15', '2018-10-24 08:38:15', 0),
(2651, 17, NULL, NULL, NULL, 'A-5', 0, '2018-10-24 08:38:15', '2018-10-24 08:38:15', 0),
(2652, 17, NULL, NULL, NULL, 'A-6', 0, '2018-10-24 08:38:15', '2018-10-24 08:38:15', 0),
(2653, 17, NULL, NULL, NULL, 'A-7', 0, '2018-10-24 08:38:15', '2018-10-24 08:38:15', 0),
(2654, 17, NULL, NULL, NULL, 'A-8', 0, '2018-10-24 08:38:15', '2018-10-24 08:38:15', 0),
(2655, 17, NULL, NULL, NULL, 'A-9', 0, '2018-10-24 08:38:15', '2018-10-24 08:38:15', 0),
(2656, 17, NULL, NULL, NULL, 'A-10', 0, '2018-10-24 08:38:15', '2018-10-24 08:38:15', 0),
(2657, 17, NULL, NULL, NULL, 'A-11', 0, '2018-10-24 08:38:15', '2018-10-24 08:38:15', 0),
(2658, 17, NULL, NULL, NULL, 'A-12', 0, '2018-10-24 08:38:15', '2018-10-24 08:38:15', 0),
(2659, 17, NULL, NULL, NULL, 'A-13', 0, '2018-10-24 08:38:15', '2018-10-24 08:38:15', 0),
(2660, 17, NULL, NULL, NULL, 'A-14', 0, '2018-10-24 08:38:15', '2018-10-24 08:38:15', 0),
(2661, 17, NULL, NULL, NULL, 'A-15', 0, '2018-10-24 08:38:15', '2018-10-24 08:38:15', 0),
(2662, 17, NULL, NULL, NULL, 'A-16', 0, '2018-10-24 08:38:15', '2018-10-24 08:38:15', 0),
(2663, 17, NULL, NULL, NULL, 'A-17', 0, '2018-10-24 08:38:15', '2018-10-24 08:38:15', 0),
(2664, 17, NULL, NULL, NULL, 'A-18', 0, '2018-10-24 08:38:15', '2018-10-24 08:38:15', 0),
(2665, 17, NULL, NULL, NULL, 'A-19', 0, '2018-10-24 08:38:15', '2018-10-24 08:38:15', 0),
(2666, 17, NULL, NULL, NULL, 'A-20', 0, '2018-10-24 08:38:15', '2018-10-24 08:38:15', 0),
(2667, 17, NULL, NULL, NULL, 'A-21', 0, '2018-10-24 08:38:15', '2018-10-24 08:38:15', 0),
(2668, 17, NULL, NULL, NULL, 'A-22', 0, '2018-10-24 08:38:15', '2018-10-24 08:38:15', 0),
(2669, 17, NULL, NULL, NULL, 'A-23', 0, '2018-10-24 08:38:15', '2018-10-24 08:38:15', 0),
(2670, 17, NULL, NULL, NULL, 'A-24', 0, '2018-10-24 08:38:15', '2018-10-24 08:38:15', 0),
(2671, 17, NULL, NULL, NULL, 'A-25', 0, '2018-10-24 08:38:15', '2018-10-24 08:38:15', 0),
(2672, 17, NULL, NULL, NULL, 'A-26', 0, '2018-10-24 08:38:15', '2018-10-24 08:38:15', 0),
(2673, 17, NULL, NULL, NULL, 'A-27', 0, '2018-10-24 08:38:15', '2018-10-24 08:38:15', 0),
(2674, 17, NULL, NULL, NULL, 'A-28', 0, '2018-10-24 08:38:15', '2018-10-24 08:38:15', 0),
(2675, 17, NULL, NULL, NULL, 'A-29', 0, '2018-10-24 08:38:15', '2018-10-24 08:38:15', 0),
(2676, 17, NULL, NULL, NULL, 'A-30', 0, '2018-10-24 08:38:15', '2018-10-24 08:38:15', 0),
(2677, 17, NULL, NULL, NULL, 'A-31', 0, '2018-10-24 08:38:15', '2018-10-24 08:38:15', 0),
(2678, 17, NULL, NULL, NULL, 'A-32', 0, '2018-10-24 08:38:15', '2018-10-24 08:38:15', 0),
(2679, 17, NULL, NULL, NULL, 'A-33', 0, '2018-10-24 08:38:15', '2018-10-24 08:38:15', 0),
(2680, 17, NULL, NULL, NULL, 'A-34', 0, '2018-10-24 08:38:15', '2018-10-24 08:38:15', 0),
(2681, 17, NULL, NULL, NULL, 'A-35', 0, '2018-10-24 08:38:15', '2018-10-24 08:38:15', 0),
(2682, 17, NULL, NULL, NULL, 'A-36', 0, '2018-10-24 08:38:15', '2018-10-24 08:38:15', 0),
(2683, 17, NULL, NULL, NULL, 'A-37', 0, '2018-10-24 08:38:15', '2018-10-24 08:38:15', 0),
(2684, 17, NULL, NULL, NULL, 'A-38', 0, '2018-10-24 08:38:15', '2018-10-24 08:38:15', 0),
(2685, 17, NULL, NULL, NULL, 'A-39', 0, '2018-10-24 08:38:15', '2018-10-24 08:38:15', 0),
(2686, 17, NULL, NULL, NULL, 'A-40', 0, '2018-10-24 08:38:15', '2018-10-24 08:38:15', 0),
(2687, 17, NULL, NULL, NULL, 'A-41', 0, '2018-10-24 08:38:15', '2018-10-24 08:38:15', 0),
(2688, 17, NULL, NULL, NULL, 'A-42', 0, '2018-10-24 08:38:15', '2018-10-24 08:38:15', 0),
(2689, 17, NULL, NULL, NULL, 'A-43', 0, '2018-10-24 08:38:15', '2018-10-24 08:38:15', 0),
(2690, 17, NULL, NULL, NULL, 'A-44', 0, '2018-10-24 08:38:15', '2018-10-24 08:38:15', 0),
(2691, 17, NULL, NULL, NULL, 'A-45', 0, '2018-10-24 08:38:15', '2018-10-24 08:38:15', 0),
(2692, 17, NULL, NULL, NULL, 'A-46', 0, '2018-10-24 08:38:15', '2018-10-24 08:38:15', 0),
(2739, 18, NULL, NULL, NULL, 'A-1', 0, '2018-10-30 11:51:36', '2018-10-30 11:51:36', 0),
(2740, 18, NULL, NULL, NULL, 'A-2', 0, '2018-10-30 11:51:36', '2018-10-30 11:51:36', 0),
(2741, 18, NULL, NULL, NULL, 'A-3', 0, '2018-10-30 11:51:36', '2018-10-30 11:51:36', 0),
(2742, 18, NULL, NULL, NULL, 'A-4', 0, '2018-10-30 11:51:36', '2018-10-30 11:51:36', 0),
(2743, 18, NULL, NULL, NULL, 'A-5', 0, '2018-10-30 11:51:36', '2018-10-30 11:51:36', 0),
(2744, 18, NULL, NULL, NULL, 'A-6', 0, '2018-10-30 11:51:36', '2018-10-30 11:51:36', 0),
(2745, 18, NULL, NULL, NULL, 'A-7', 0, '2018-10-30 11:51:36', '2018-10-30 11:51:36', 0),
(2746, 18, NULL, NULL, NULL, 'A-8', 0, '2018-10-30 11:51:36', '2018-10-30 11:51:36', 0),
(2747, 18, NULL, NULL, NULL, 'A-9', 0, '2018-10-30 11:51:36', '2018-10-30 11:51:36', 0),
(2748, 18, NULL, NULL, NULL, 'A-10', 0, '2018-10-30 11:51:36', '2018-10-30 11:51:36', 0),
(2749, 18, NULL, NULL, NULL, 'A-11', 0, '2018-10-30 11:51:36', '2018-10-30 11:51:36', 0),
(2750, 18, NULL, NULL, NULL, 'A-12', 0, '2018-10-30 11:51:36', '2018-10-30 11:51:36', 0),
(2751, 18, NULL, NULL, NULL, 'A-13', 0, '2018-10-30 11:51:36', '2018-10-30 11:51:36', 0),
(2752, 18, NULL, NULL, NULL, 'A-14', 0, '2018-10-30 11:51:36', '2018-10-30 11:51:36', 0),
(2753, 18, NULL, NULL, NULL, 'A-15', 0, '2018-10-30 11:51:36', '2018-10-30 11:51:36', 0),
(2754, 18, NULL, NULL, NULL, 'A-16', 0, '2018-10-30 11:51:36', '2018-10-30 11:51:36', 0),
(2755, 18, NULL, NULL, NULL, 'A-17', 0, '2018-10-30 11:51:36', '2018-10-30 11:51:36', 0),
(2756, 18, NULL, NULL, NULL, 'A-18', 0, '2018-10-30 11:51:36', '2018-10-30 11:51:36', 0),
(2757, 18, NULL, NULL, NULL, 'A-19', 0, '2018-10-30 11:51:36', '2018-10-30 11:51:36', 0),
(2758, 18, NULL, NULL, NULL, 'A-20', 0, '2018-10-30 11:51:36', '2018-10-30 11:51:36', 0),
(2759, 18, NULL, NULL, NULL, 'A-21', 0, '2018-10-30 11:51:36', '2018-10-30 11:51:36', 0),
(2760, 18, NULL, NULL, NULL, 'A-22', 0, '2018-10-30 11:51:36', '2018-10-30 11:51:36', 0),
(2761, 18, NULL, NULL, NULL, 'A-23', 0, '2018-10-30 11:51:36', '2018-10-30 11:51:36', 0),
(2762, 18, NULL, NULL, NULL, 'A-24', 0, '2018-10-30 11:51:36', '2018-10-30 11:51:36', 0),
(2763, 18, NULL, NULL, NULL, 'A-25', 0, '2018-10-30 11:51:36', '2018-10-30 11:51:36', 0),
(2764, 18, NULL, NULL, NULL, 'A-26', 0, '2018-10-30 11:51:36', '2018-10-30 11:51:36', 0),
(2765, 18, NULL, NULL, NULL, 'A-27', 0, '2018-10-30 11:51:36', '2018-10-30 11:51:36', 0),
(2766, 18, NULL, NULL, NULL, 'A-28', 0, '2018-10-30 11:51:36', '2018-10-30 11:51:36', 0),
(2767, 18, NULL, NULL, NULL, 'A-29', 0, '2018-10-30 11:51:36', '2018-10-30 11:51:36', 0),
(2768, 18, NULL, NULL, NULL, 'B-1', 0, '2018-10-30 11:51:36', '2018-10-30 11:51:36', 0),
(2769, 18, NULL, NULL, NULL, 'B-2', 0, '2018-10-30 11:51:36', '2018-10-30 11:51:36', 0),
(2770, 18, NULL, NULL, NULL, 'B-3', 0, '2018-10-30 11:51:36', '2018-10-30 11:51:36', 0),
(2771, 18, NULL, NULL, NULL, 'B-4', 0, '2018-10-30 11:51:36', '2018-10-30 11:51:36', 0),
(2772, 18, NULL, NULL, NULL, 'B-5', 0, '2018-10-30 11:51:36', '2018-10-30 11:51:36', 0),
(2773, 18, NULL, NULL, NULL, 'B-6', 0, '2018-10-30 11:51:36', '2018-10-30 11:51:36', 0),
(2774, 18, NULL, NULL, NULL, 'B-7', 0, '2018-10-30 11:51:36', '2018-10-30 11:51:36', 0),
(2775, 18, NULL, NULL, NULL, 'B-8', 0, '2018-10-30 11:51:36', '2018-10-30 11:51:36', 0),
(2776, 18, NULL, NULL, NULL, 'B-9', 0, '2018-10-30 11:51:36', '2018-10-30 11:51:36', 0),
(2777, 18, NULL, NULL, NULL, 'B-10', 0, '2018-10-30 11:51:36', '2018-10-30 11:51:36', 0),
(2778, 18, NULL, NULL, NULL, 'B-11', 0, '2018-10-30 11:51:36', '2018-10-30 11:51:36', 0),
(2779, 18, NULL, NULL, NULL, 'B-12', 0, '2018-10-30 11:51:36', '2018-10-30 11:51:36', 0),
(2780, 18, NULL, NULL, NULL, 'B-13', 0, '2018-10-30 11:51:36', '2018-10-30 11:51:36', 0),
(2781, 18, NULL, NULL, NULL, 'B-14', 0, '2018-10-30 11:51:36', '2018-10-30 11:51:36', 0),
(2782, 18, NULL, NULL, NULL, 'B-15', 0, '2018-10-30 11:51:36', '2018-10-30 11:51:36', 0),
(2783, 18, NULL, NULL, NULL, 'B-16', 0, '2018-10-30 11:51:36', '2018-10-30 11:51:36', 0),
(2784, 18, NULL, NULL, NULL, 'B-17', 0, '2018-10-30 11:51:36', '2018-10-30 11:51:36', 0),
(2785, 18, NULL, NULL, NULL, 'B-18', 0, '2018-10-30 11:51:36', '2018-10-30 11:51:36', 0),
(2786, 18, NULL, NULL, NULL, 'B-19', 0, '2018-10-30 11:51:36', '2018-10-30 11:51:36', 0),
(2787, 18, NULL, NULL, NULL, 'B-20', 0, '2018-10-30 11:51:36', '2018-10-30 11:51:36', 0),
(2788, 18, NULL, NULL, NULL, 'B-21', 0, '2018-10-30 11:51:36', '2018-10-30 11:51:36', 0),
(2789, 18, NULL, NULL, NULL, 'B-22', 0, '2018-10-30 11:51:36', '2018-10-30 11:51:36', 0),
(2790, 18, NULL, NULL, NULL, 'B-23', 0, '2018-10-30 11:51:36', '2018-10-30 11:51:36', 0),
(2791, 18, NULL, NULL, NULL, 'B-24', 0, '2018-10-30 11:51:36', '2018-10-30 11:51:36', 0),
(2792, 18, NULL, NULL, NULL, 'B-25', 0, '2018-10-30 11:51:36', '2018-10-30 11:51:36', 0),
(2793, 18, NULL, NULL, NULL, 'B-26', 0, '2018-10-30 11:51:36', '2018-10-30 11:51:36', 0),
(2794, 18, NULL, NULL, NULL, 'B-27', 0, '2018-10-30 11:51:36', '2018-10-30 11:51:36', 0),
(2795, 18, NULL, NULL, NULL, 'B-28', 0, '2018-10-30 11:51:36', '2018-10-30 11:51:36', 0),
(2796, 18, NULL, NULL, NULL, 'B-29', 0, '2018-10-30 11:51:36', '2018-10-30 11:51:36', 0);

-- --------------------------------------------------------

--
-- Cấu trúc bảng cho bảng `xe`
--

CREATE TABLE `xe` (
  `Mã` int(11) NOT NULL,
  `Biển_số` varchar(255) NOT NULL,
  `Mã_loại_xe` int(11) NOT NULL,
  `Ngày_bảo_trì_gần_nhất` date NOT NULL,
  `Ngày_bảo_trì_tiếp_theo` date NOT NULL,
  `location` tinytext,
  `created_at` datetime NOT NULL,
  `updated_at` datetime NOT NULL
) ENGINE=InnoDB DEFAULT CHARSET=utf8;

--
-- Đang đổ dữ liệu cho bảng `xe`
--

INSERT INTO `xe` (`Mã`, `Biển_số`, `Mã_loại_xe`, `Ngày_bảo_trì_gần_nhất`, `Ngày_bảo_trì_tiếp_theo`, `location`, `created_at`, `updated_at`) VALUES
(1, '123456', 1, '2018-10-07', '2018-10-07', NULL, '2018-10-07 18:43:48', '2018-10-14 07:40:25'),
(5, '123457', 1, '2018-10-01', '2018-10-26', NULL, '2018-10-14 08:02:45', '2018-10-14 08:03:35'),
(6, '123458', 6, '2018-10-04', '2018-10-18', NULL, '2018-10-14 09:10:08', '2018-10-14 09:10:08');

--
-- Chỉ mục cho các bảng đã đổ
--

--
-- Chỉ mục cho bảng `bus_model`
--
ALTER TABLE `bus_model`
  ADD PRIMARY KEY (`Mã`),
  ADD UNIQUE KEY `Tên_Loại` (`Tên_Loại`),
  ADD UNIQUE KEY `Sơ_đồ` (`Sơ_đồ`),
  ADD KEY `Mã_nhân_viên_chỉnh_sửa` (`Mã_nhân_viên_chỉnh_sửa`),
  ADD KEY `Mã_nhân_viên_tạo` (`Mã_nhân_viên_tạo`);

--
-- Chỉ mục cho bảng `chuyen_xe`
--
ALTER TABLE `chuyen_xe`
  ADD PRIMARY KEY (`Mã`),
  ADD KEY `Mã_lộ_trình` (`Mã_lộ_trình`),
  ADD KEY `Mã_tài_xế` (`Mã_tài_xế`),
  ADD KEY `Mã_xe` (`Mã_xe`),
  ADD KEY `Mã_nhân_viên_tạo` (`Mã_nhân_viên_tạo`);

--
-- Chỉ mục cho bảng `customer`
--
ALTER TABLE `customer`
  ADD PRIMARY KEY (`Mã`),
  ADD UNIQUE KEY `Sđt` (`Sđt`),
  ADD UNIQUE KEY `Email` (`Email`),
  ADD UNIQUE KEY `Nickname` (`Nickname`) USING BTREE;

--
-- Chỉ mục cho bảng `duong_di`
--
ALTER TABLE `duong_di`
  ADD PRIMARY KEY (`Mã`),
  ADD KEY `Mã_Trạm_Start` (`Mã_Trạm_Start`),
  ADD KEY `Mã_Trạm_End` (`Mã_Trạm_End`);

--
-- Chỉ mục cho bảng `employee`
--
ALTER TABLE `employee`
  ADD PRIMARY KEY (`Mã`),
  ADD UNIQUE KEY `Email` (`Email`),
  ADD UNIQUE KEY `Sđt` (`Sđt`),
  ADD UNIQUE KEY `Username` (`Username`);

--
-- Chỉ mục cho bảng `lo_trinh`
--
ALTER TABLE `lo_trinh`
  ADD PRIMARY KEY (`Mã`),
  ADD KEY `Mã_nhân_viên_chỉnh_sửa` (`Mã_nhân_viên_chỉnh_sửa`),
  ADD KEY `Mã_nhân_viên_tạo` (`Mã_nhân_viên_tạo`);

--
-- Chỉ mục cho bảng `thong_ke`
--
ALTER TABLE `thong_ke`
  ADD PRIMARY KEY (`Mã`);

--
-- Chỉ mục cho bảng `tinh`
--
ALTER TABLE `tinh`
  ADD PRIMARY KEY (`Mã`),
  ADD UNIQUE KEY `Tên` (`Tên`) USING BTREE;

--
-- Chỉ mục cho bảng `tram_dung`
--
ALTER TABLE `tram_dung`
  ADD PRIMARY KEY (`Mã`),
  ADD UNIQUE KEY `Tên` (`Tên`),
  ADD UNIQUE KEY `Tọa_độ` (`Tọa_độ`),
  ADD KEY `Mã_nhân_viên_tạo` (`Mã_nhân_viên_tạo`),
  ADD KEY `Mã_nhân_viên_chỉnh_sửa` (`Mã_nhân_viên_chỉnh_sửa`);

--
-- Chỉ mục cho bảng `ve`
--
ALTER TABLE `ve`
  ADD PRIMARY KEY (`Mã`),
  ADD KEY `Mã_chuyến_xe` (`Mã_chuyến_xe`),
  ADD KEY `Mã_khách_hàng` (`Mã_khách_hàng`),
  ADD KEY `Mã_nhân_viên_đặt` (`Mã_nhân_viên_đặt`);

--
-- Chỉ mục cho bảng `xe`
--
ALTER TABLE `xe`
  ADD PRIMARY KEY (`Mã`),
  ADD UNIQUE KEY `Biển_số` (`Biển_số`),
  ADD KEY `Mã_loại_xe` (`Mã_loại_xe`);

--
-- AUTO_INCREMENT cho các bảng đã đổ
--

--
-- AUTO_INCREMENT cho bảng `bus_model`
--
ALTER TABLE `bus_model`
  MODIFY `Mã` int(11) NOT NULL AUTO_INCREMENT, AUTO_INCREMENT=8;

--
-- AUTO_INCREMENT cho bảng `chuyen_xe`
--
ALTER TABLE `chuyen_xe`
  MODIFY `Mã` int(11) NOT NULL AUTO_INCREMENT, AUTO_INCREMENT=19;

--
-- AUTO_INCREMENT cho bảng `customer`
--
ALTER TABLE `customer`
  MODIFY `Mã` int(11) NOT NULL AUTO_INCREMENT, AUTO_INCREMENT=29;

--
-- AUTO_INCREMENT cho bảng `duong_di`
--
ALTER TABLE `duong_di`
  MODIFY `Mã` int(11) NOT NULL AUTO_INCREMENT;

--
-- AUTO_INCREMENT cho bảng `employee`
--
ALTER TABLE `employee`
  MODIFY `Mã` int(11) NOT NULL AUTO_INCREMENT, AUTO_INCREMENT=5;

--
-- AUTO_INCREMENT cho bảng `lo_trinh`
--
ALTER TABLE `lo_trinh`
  MODIFY `Mã` int(11) NOT NULL AUTO_INCREMENT, AUTO_INCREMENT=7;

--
-- AUTO_INCREMENT cho bảng `thong_ke`
--
ALTER TABLE `thong_ke`
  MODIFY `Mã` int(11) NOT NULL AUTO_INCREMENT, AUTO_INCREMENT=8;

--
-- AUTO_INCREMENT cho bảng `tinh`
--
ALTER TABLE `tinh`
  MODIFY `Mã` int(11) NOT NULL AUTO_INCREMENT, AUTO_INCREMENT=30;

--
-- AUTO_INCREMENT cho bảng `tram_dung`
--
ALTER TABLE `tram_dung`
  MODIFY `Mã` int(11) NOT NULL AUTO_INCREMENT, AUTO_INCREMENT=4;

--
-- AUTO_INCREMENT cho bảng `ve`
--
ALTER TABLE `ve`
  MODIFY `Mã` int(11) NOT NULL AUTO_INCREMENT, AUTO_INCREMENT=2797;

--
-- AUTO_INCREMENT cho bảng `xe`
--
ALTER TABLE `xe`
  MODIFY `Mã` int(11) NOT NULL AUTO_INCREMENT, AUTO_INCREMENT=7;

--
-- Các ràng buộc cho các bảng đã đổ
--

--
-- Các ràng buộc cho bảng `bus_model`
--
ALTER TABLE `bus_model`
  ADD CONSTRAINT `bus_model_ibfk_1` FOREIGN KEY (`Mã_nhân_viên_tạo`) REFERENCES `employee` (`Mã`),
  ADD CONSTRAINT `bus_model_ibfk_2` FOREIGN KEY (`Mã_nhân_viên_chỉnh_sửa`) REFERENCES `employee` (`Mã`);

--
-- Các ràng buộc cho bảng `chuyen_xe`
--
ALTER TABLE `chuyen_xe`
  ADD CONSTRAINT `chuyen_xe_ibfk_1` FOREIGN KEY (`Mã_lộ_trình`) REFERENCES `lo_trinh` (`Mã`),
  ADD CONSTRAINT `chuyen_xe_ibfk_2` FOREIGN KEY (`Mã_tài_xế`) REFERENCES `employee` (`Mã`),
  ADD CONSTRAINT `chuyen_xe_ibfk_3` FOREIGN KEY (`Mã_xe`) REFERENCES `xe` (`Mã`),
  ADD CONSTRAINT `chuyen_xe_ibfk_4` FOREIGN KEY (`Mã_nhân_viên_tạo`) REFERENCES `employee` (`Mã`);

--
-- Các ràng buộc cho bảng `duong_di`
--
ALTER TABLE `duong_di`
  ADD CONSTRAINT `duong_di_ibfk_1` FOREIGN KEY (`Mã_Trạm_Start`) REFERENCES `tram_dung` (`Mã`),
  ADD CONSTRAINT `duong_di_ibfk_2` FOREIGN KEY (`Mã_Trạm_End`) REFERENCES `tram_dung` (`Mã`);

--
-- Các ràng buộc cho bảng `lo_trinh`
--
ALTER TABLE `lo_trinh`
  ADD CONSTRAINT `lo_trinh_ibfk_1` FOREIGN KEY (`Mã_nhân_viên_tạo`) REFERENCES `employee` (`Mã`),
  ADD CONSTRAINT `lo_trinh_ibfk_2` FOREIGN KEY (`Mã_nhân_viên_chỉnh_sửa`) REFERENCES `employee` (`Mã`);

--
-- Các ràng buộc cho bảng `tram_dung`
--
ALTER TABLE `tram_dung`
  ADD CONSTRAINT `tram_dung_ibfk_1` FOREIGN KEY (`Mã_nhân_viên_tạo`) REFERENCES `employee` (`Mã`),
  ADD CONSTRAINT `tram_dung_ibfk_2` FOREIGN KEY (`Mã_nhân_viên_chỉnh_sửa`) REFERENCES `employee` (`Mã`);

--
-- Các ràng buộc cho bảng `ve`
--
ALTER TABLE `ve`
  ADD CONSTRAINT `ve_ibfk_1` FOREIGN KEY (`Mã_nhân_viên_đặt`) REFERENCES `employee` (`Mã`),
  ADD CONSTRAINT `ve_ibfk_2` FOREIGN KEY (`Mã_khách_hàng`) REFERENCES `customer` (`Mã`),
  ADD CONSTRAINT `ve_ibfk_3` FOREIGN KEY (`Mã_chuyến_xe`) REFERENCES `chuyen_xe` (`Mã`);

--
-- Các ràng buộc cho bảng `xe`
--
ALTER TABLE `xe`
  ADD CONSTRAINT `xe_ibfk_1` FOREIGN KEY (`Mã_loại_xe`) REFERENCES `bus_model` (`Mã`);
COMMIT;

/*!40101 SET CHARACTER_SET_CLIENT=@OLD_CHARACTER_SET_CLIENT */;
/*!40101 SET CHARACTER_SET_RESULTS=@OLD_CHARACTER_SET_RESULTS */;
/*!40101 SET COLLATION_CONNECTION=@OLD_COLLATION_CONNECTION */;
